datetime,request
30/Dec/2012:06:25:06 -0500,OPTIONS * HTTP/1.0
30/Dec/2012:06:25:06 -0500,OPTIONS * HTTP/1.0
30/Dec/2012:06:25:06 -0500,OPTIONS * HTTP/1.0
30/Dec/2012:06:25:06 -0500,OPTIONS * HTTP/1.0
30/Dec/2012:06:25:06 -0500,OPTIONS * HTTP/1.0
30/Dec/2012:06:25:06 -0500,OPTIONS * HTTP/1.0
30/Dec/2012:06:25:06 -0500,OPTIONS * HTTP/1.0
30/Dec/2012:06:25:06 -0500,OPTIONS * HTTP/1.0
30/Dec/2012:06:34:16 -0500,GET / HTTP/1.1
30/Dec/2012:06:34:56 -0500,GET / HTTP/1.1
30/Dec/2012:06:37:07 -0500,GET /.git/objects/01/ HTTP/1.1
30/Dec/2012:06:41:22 -0500,GET /ignite/ HTTP/1.1
30/Dec/2012:06:43:55 -0500,GET /.git/objects/2d/?C=M;O=D HTTP/1.1
30/Dec/2012:06:56:33 -0500,GET /.git/objects/33/1e51686a8d4e9f86bcd865f8e7bfb88d7ca200 HTTP/1.1
30/Dec/2012:07:10:45 -0500,GET /.git/objects/34/4629c82c3c59069391abae7a9e18d6eeb8a822 HTTP/1.1
30/Dec/2012:07:19:15 -0500,GET /.git/objects/34/8f40c5a0c0e1335e3834065d93275ce70296ce HTTP/1.1
30/Dec/2012:07:33:43 -0500,GET /.git/objects/35/11e315f250ab926e175fa59b95b2300586b369 HTTP/1.1
30/Dec/2012:07:36:33 -0500,GET / HTTP/1.1
30/Dec/2012:07:37:19 -0500,GET / HTTP/1.1
30/Dec/2012:07:41:39 -0500,GET /.git/objects/3d/674617ec38c6c6fb8463e4645ab8a6b8951d31 HTTP/1.1
30/Dec/2012:07:53:24 -0500,GET /.git/objects/41/84c2c2e8b7071499f3dcdc4382fa67b9f17cac HTTP/1.1
30/Dec/2012:08:03:29 -0500,GET /.git/objects/47/?C=S;O=D HTTP/1.1
30/Dec/2012:08:16:00 -0500,GET /.git/objects/4b/?C=S;O=D HTTP/1.1
30/Dec/2012:08:25:15 -0500,GET /.git/objects/4d/87f44d72ec796fe660a45175df651db7ee2f39 HTTP/1.1
30/Dec/2012:08:36:11 -0500,GET / HTTP/1.1
30/Dec/2012:08:36:55 -0500,GET / HTTP/1.1
30/Dec/2012:08:39:16 -0500,GET /.git/objects/19/?C=S;O=A HTTP/1.1
30/Dec/2012:08:40:05 -0500,GET /words-that-work-in-ls.txt HTTP/1.0
30/Dec/2012:08:53:32 -0500,GET /.git/objects/69/?C=S;O=A HTTP/1.1
30/Dec/2012:08:58:50 -0500,GET /.git/objects/50/?C=M;O=D HTTP/1.1
30/Dec/2012:09:11:35 -0500,GET /jquery.min.js HTTP/1.1
30/Dec/2012:09:15:30 -0500,GET /.git/objects/58/?C=S;O=D HTTP/1.1
30/Dec/2012:09:21:33 -0500,GET /.git/objects/59/?C=N;O=A HTTP/1.1
30/Dec/2012:09:34:15 -0500,GET / HTTP/1.1
30/Dec/2012:09:34:55 -0500,GET / HTTP/1.1
30/Dec/2012:09:36:26 -0500,GET /.git/objects/6c/?C=M;O=A HTTP/1.1
30/Dec/2012:09:42:42 -0500,GET /.git/objects/6d/?C=M;O=D HTTP/1.1
30/Dec/2012:09:52:20 -0500,GET /contact.html HTTP/1.1
30/Dec/2012:09:53:49 -0500,GET /sitebuilder/images/Red_House174-400x600.jpg HTTP/1.1
30/Dec/2012:09:56:11 -0500,GET /.git/objects/6f/d3e95ef9ed93ba2b396198c85cf11305fe5911 HTTP/1.1
30/Dec/2012:10:00:03 -0500,GET /backbone.queryparams.js HTTP/1.1
30/Dec/2012:10:11:30 -0500,GET /.git/objects/73/?C=S;O=D HTTP/1.1
30/Dec/2012:10:17:00 -0500,GET /.git/objects/74/a95baa5eab467756f34cfb2e2d6135bcb037d3 HTTP/1.1
30/Dec/2012:10:34:16 -0500,GET / HTTP/1.1
30/Dec/2012:10:34:23 -0500,GET /.git/objects/df/?C=N;O=A HTTP/1.1
30/Dec/2012:10:34:56 -0500,GET / HTTP/1.1
30/Dec/2012:10:38:41 -0500,GET /test HTTP/1.1
30/Dec/2012:10:40:56 -0500,GET /.git/objects/72/ HTTP/1.1
30/Dec/2012:10:53:28 -0500,GET //recordings/misc/callme_page.php HTTP/1.1
30/Dec/2012:10:53:28 -0500,GET //recordings/misc/damn.php HTTP/1.1
30/Dec/2012:10:53:29 -0500,GET //recordings/misc/god.php HTTP/1.1
30/Dec/2012:10:53:29 -0500,GET //recordings/misc/callerpage.php HTTP/1.1
30/Dec/2012:10:53:47 -0500,GET /.git/objects/dd/2b8c381d36a9cc9788e6a6497262ea31563468 HTTP/1.1
30/Dec/2012:11:01:36 -0500,GET /.git/objects/e0/94a6cb79fe88ef22bd46f533be35decec80ce4 HTTP/1.1
30/Dec/2012:11:16:59 -0500,GET /.git/objects/82/?C=N;O=A HTTP/1.1
30/Dec/2012:11:23:53 -0500,GET /.git/objects/d0/?C=M;O=D HTTP/1.1
30/Dec/2012:11:30:39 -0500,GET / HTTP/1.1
30/Dec/2012:11:38:21 -0500,GET /.git/objects/91/06b1b4b6d6dcf5a0697cff5b82855f2ec1893b HTTP/1.1
30/Dec/2012:11:45:02 -0500,GET / HTTP/1.1
30/Dec/2012:11:45:59 -0500,GET / HTTP/1.1
30/Dec/2012:11:50:50 -0500,GET /.git/objects/92/?C=S;O=D HTTP/1.1
30/Dec/2012:11:57:44 -0500,GET /.git/objects/96/54e6eaf03b22a03adf30525e0303720957043d HTTP/1.1
30/Dec/2012:12:12:24 -0500,GET /.git/objects/9e/61fa7f2f14b5e6c4f4c2c6265ca7bdbc051a95 HTTP/1.1
30/Dec/2012:12:21:11 -0500,GET /.git/objects/a5/553d2c70719eb0159f54d90f395d4af6fa19c8 HTTP/1.1
30/Dec/2012:12:33:19 -0500,GET /.git/objects/7c/?C=S;O=A HTTP/1.1
30/Dec/2012:12:42:18 -0500,GET /.git/objects/aa/508ea987d8338d1cf2952a05777dc746be68c2 HTTP/1.1
30/Dec/2012:12:42:45 -0500,GET / HTTP/1.1
30/Dec/2012:12:43:25 -0500,GET / HTTP/1.1
30/Dec/2012:12:45:48 -0500,GET / HTTP/1.1
30/Dec/2012:12:49:18 -0500,GET /.git/objects/69/?C=D;O=A HTTP/1.1
30/Dec/2012:12:56:42 -0500,GET /.git/objects/77/?C=D;O=A HTTP/1.1
30/Dec/2012:13:00:15 -0500,GET /.git/refs/tags/?C=M;O=D HTTP/1.1
30/Dec/2012:13:10:09 -0500,GET /.git/refs/tags/?C=D;O=D HTTP/1.1
30/Dec/2012:13:18:02 -0500,GET /.git/refs/?C=N;O=A HTTP/1.1
30/Dec/2012:13:32:30 -0500,GET /.git/objects/ff/8134d394af697e05a87b0b4f58a9e8736cc846 HTTP/1.1
30/Dec/2012:13:34:44 -0500,GET / HTTP/1.1
30/Dec/2012:13:35:23 -0500,GET / HTTP/1.1
30/Dec/2012:13:35:55 -0500,GET /backbone-min.js HTTP/1.1
30/Dec/2012:13:40:34 -0500,GET /.git/objects/fd/?C=M;O=D HTTP/1.1
30/Dec/2012:13:54:59 -0500,GET /.git/objects/fa/?C=S;O=A HTTP/1.1
30/Dec/2012:14:01:12 -0500,GET /.git/objects/f1/?C=D;O=A HTTP/1.1
30/Dec/2012:14:11:42 -0500,GET /threshold.png HTTP/1.1
30/Dec/2012:14:32:09 -0500,GET /.git/objects/e8/c6b5c76ea045670534cb92fb9ff7ebf034b1cd HTTP/1.1
30/Dec/2012:14:33:56 -0500,GET /robots.txt HTTP/1.1
30/Dec/2012:14:33:56 -0500,GET /sitebuilder/images/Annick_Jean-146x112.jpg HTTP/1.1
30/Dec/2012:14:34:30 -0500,GET / HTTP/1.1
30/Dec/2012:14:35:11 -0500,GET / HTTP/1.1
30/Dec/2012:14:36:38 -0500,GET /.git/objects/e0/fca7c811272e10a3f73eeee4195f8f64cedd0a HTTP/1.1
30/Dec/2012:14:53:18 -0500,GET /.git/objects/dd/de77e9f00ed93c1e9793cafb53e54d6f5dc79f HTTP/1.1
30/Dec/2012:14:59:56 -0500,GET /.git/objects/d3/?C=D;O=D HTTP/1.1
30/Dec/2012:15:03:29 -0500,GET /?C=M;O=A HTTP/1.1
30/Dec/2012:15:12:04 -0500,GET /intherooms.json HTTP/1.1
30/Dec/2012:15:12:18 -0500,GET /favicon.ico HTTP/1.1
30/Dec/2012:15:12:30 -0500,GET /intherooms.json HTTP/1.1
30/Dec/2012:15:12:30 -0500,GET /intherooms.json HTTP/1.1
30/Dec/2012:15:13:10 -0500,GET /.git/objects/d1/fa72816ea6696076379a474c8cc28a259e0b4c HTTP/1.1
30/Dec/2012:15:20:17 -0500,GET /.git/objects/d1/843badfbf2f6a1565a72c81553e357b7dc6e28 HTTP/1.1
30/Dec/2012:15:34:17 -0500,GET / HTTP/1.1
30/Dec/2012:15:34:56 -0500,GET / HTTP/1.1
30/Dec/2012:15:35:09 -0500,GET /robots.txt HTTP/1.1
30/Dec/2012:15:35:10 -0500,GET /robots.txt HTTP/1.1
30/Dec/2012:15:35:10 -0500,GET /sitemap.xml HTTP/1.1
30/Dec/2012:15:35:49 -0500,GET /.git/objects/d1/40cf45c234ec63407a659e8eec720245878f9b HTTP/1.1
30/Dec/2012:15:47:54 -0500,GET /.git/objects/cb/b1e092aa7b4242413b91ca0b84fa4b1eb5da8e HTTP/1.1
30/Dec/2012:15:56:08 -0500,GET /.git/objects/c1/?C=S;O=D HTTP/1.1
30/Dec/2012:16:08:34 -0500,GET /dwb/GuideStar/Philanthropedia_Data_Dive.xlsx HTTP/1.1
30/Dec/2012:16:10:24 -0500,GET /.git/objects/b5/?C=D;O=D HTTP/1.1
30/Dec/2012:16:16:39 -0500,GET /words-that-work-in-ls.txt HTTP/1.0
30/Dec/2012:16:18:10 -0500,GET /.git/objects/84/ HTTP/1.1
30/Dec/2012:16:32:15 -0500,GET /.git/objects/72/?C=S;O=A HTTP/1.1
30/Dec/2012:16:33:49 -0500,GET / HTTP/1.1
30/Dec/2012:16:34:28 -0500,GET / HTTP/1.1
30/Dec/2012:16:34:50 -0500,GET /robots.txt HTTP/1.1
30/Dec/2012:16:38:10 -0500,GET /.git/objects/b5/6d4e1a9c775f2b51a0f13c64c5135ca3bb44de HTTP/1.1
30/Dec/2012:16:55:46 -0500,GET /.git/objects/b4/274e0a68041ae346c941068e1b538149998fc6 HTTP/1.1
30/Dec/2012:17:02:20 -0500,GET /.git/objects/b1/a7377867d6fec85bdf7e1c3842f1bb4167cbad HTTP/1.1
30/Dec/2012:17:14:32 -0500,GET /.git/objects/b0/90536fa0bf5690db2a2af5d2e2e3c7c3388edf HTTP/1.1
30/Dec/2012:17:28:09 -0500,GET /robots.txt HTTP/1.1
30/Dec/2012:17:28:33 -0500,GET /.git/objects/ac/d38a85c963a210154a02750934c221d1ccc61f HTTP/1.1
30/Dec/2012:17:30:06 -0500,GET /Abandoned_Building_Series.html HTTP/1.1
30/Dec/2012:17:30:09 -0500,GET / HTTP/1.1
30/Dec/2012:17:33:17 -0500,GET / HTTP/1.1
30/Dec/2012:17:33:55 -0500,GET / HTTP/1.1
30/Dec/2012:17:35:34 -0500,GET /.git/objects/ac/1291d1a531627b00b95927d9d80d017b07f194 HTTP/1.1
30/Dec/2012:17:52:35 -0500,GET /.git/objects/a1/e428dcf46d1bc8d78755aed44114ef9b573b65 HTTP/1.1
30/Dec/2012:17:57:44 -0500,GET /.git/objects/a0/?C=N;O=A HTTP/1.1
30/Dec/2012:18:13:20 -0500,GET /.git/objects/a8/?C=N;O=D HTTP/1.1
30/Dec/2012:18:18:51 -0500,GET /.git/objects/?C=N;O=D HTTP/1.1
30/Dec/2012:18:26:38 -0500,GET /robots.txt HTTP/1.1
30/Dec/2012:18:34:37 -0500,GET / HTTP/1.1
30/Dec/2012:18:35:17 -0500,GET / HTTP/1.1
30/Dec/2012:18:35:51 -0500,GET /.git/objects/9e/?C=M;O=D HTTP/1.1
30/Dec/2012:18:40:45 -0500,GET /favicon.ico HTTP/1.1
30/Dec/2012:18:47:26 -0500,GET /.git/objects/9c/?C=D;O=D HTTP/1.1
30/Dec/2012:18:56:11 -0500,GET /.git/objects/9a/63b6fc8ccf3b757686289942d60e4295cd4112 HTTP/1.1
30/Dec/2012:18:56:11 -0500,GET /robots.txt HTTP/1.1
30/Dec/2012:18:56:12 -0500,GET / HTTP/1.1
30/Dec/2012:18:59:25 -0500,GET /?C=N;O=D HTTP/1.1
30/Dec/2012:19:06:02 -0500,GET /esniper-2.27.0-0.src.tar.gz HTTP/1.1
30/Dec/2012:19:11:41 -0500,GET /.git/objects/8c/?C=S;O=D HTTP/1.1
30/Dec/2012:19:18:36 -0500,GET /.git/objects/8b/c2509bd6c2a01d785cf61b70e574daead46e1c HTTP/1.1
30/Dec/2012:19:25:37 -0500,GET /intherooms.csv HTTP/1.1
30/Dec/2012:19:32:01 -0500,GET /.git/objects/86/22cf7524293e6420dd140b4dc0212ce7f5dd92 HTTP/1.1
30/Dec/2012:19:32:17 -0500,GET / HTTP/1.1
30/Dec/2012:19:32:53 -0500,GET / HTTP/1.1
30/Dec/2012:19:33:34 -0500,GET /intherooms.csv HTTP/1.1
30/Dec/2012:19:38:42 -0500,GET /.git/objects/7b/?C=M;O=D HTTP/1.1
30/Dec/2012:19:54:29 -0500,GET /.git/objects/6f/c7bc7c15f50304059363e297d1278d151eaded HTTP/1.1
30/Dec/2012:19:56:15 -0500,GET /images/Raku_porcelain_planter_sprouts.jpg HTTP/1.1
30/Dec/2012:19:59:58 -0500,GET /.git/objects/6f/bd772c4d2fde20a0a5c2e46204bfe1eb4541c3 HTTP/1.1
30/Dec/2012:20:15:12 -0500,GET /.git/objects/a2/ HTTP/1.1
30/Dec/2012:20:30:01 -0500,GET /.git/objects/44/?C=M;O=A HTTP/1.1
30/Dec/2012:20:36:09 -0500,GET /.git/objects/5b/b2f45e8ecd034266f7e5d74c997e47c745c18d HTTP/1.1
30/Dec/2012:20:43:04 -0500,GET / HTTP/1.1
30/Dec/2012:20:43:43 -0500,GET / HTTP/1.1
30/Dec/2012:20:47:20 -0500,GET /intherooms.csv HTTP/1.1
30/Dec/2012:20:51:27 -0500,GET /.git/objects/5b/65f5eee3be9d7fb6a94ff183be140e7a9b27e5 HTTP/1.1
30/Dec/2012:20:58:10 -0500,GET /.git/objects/59/?C=D;O=D HTTP/1.1
30/Dec/2012:21:13:24 -0500,GET /.git/objects/56/?C=S;O=D HTTP/1.1
30/Dec/2012:21:21:00 -0500,GET /.git/objects/49/acfc3731cddcae3d46dfd35f938128b421a3a5 HTTP/1.1
30/Dec/2012:21:33:47 -0500,GET /.git/objects/3e/6b31c1200d264aaa9e5030524678162fffb428 HTTP/1.1
30/Dec/2012:21:39:47 -0500,GET / HTTP/1.1
30/Dec/2012:21:40:29 -0500,GET / HTTP/1.1
30/Dec/2012:21:47:42 -0500,GET /.git/objects/39/5d5e95c0590813a84bf9884e7dcb589eeffd63 HTTP/1.1
30/Dec/2012:21:54:19 -0500,GET /.git/objects/35/?C=D;O=D HTTP/1.1
30/Dec/2012:22:09:03 -0500,GET /.git/objects/32/?C=M;O=D HTTP/1.1
30/Dec/2012:22:18:27 -0500,GET /.git/objects/9d/?C=D;O=A HTTP/1.1
30/Dec/2012:22:26:22 -0500,GET /sitebuilder/images/digital_art_111409_copy_web-600x400.jpg HTTP/1.1
30/Dec/2012:22:31:25 -0500,GET /jquery.min.js HTTP/1.1
30/Dec/2012:22:31:53 -0500,GET /.git/objects/2f/6979559a8a2b324ef0db0abe2b6bf380e5a69f HTTP/1.1
30/Dec/2012:22:34:52 -0500,GET / HTTP/1.1
30/Dec/2012:22:35:31 -0500,GET / HTTP/1.1
30/Dec/2012:22:37:08 -0500,GET /.git/objects/1a/?C=M;O=D HTTP/1.1
30/Dec/2012:22:52:39 -0500,GET /.git/objects/15/?C=S;O=D HTTP/1.1
30/Dec/2012:22:57:48 -0500,GET /scarsdale.html HTTP/1.1
30/Dec/2012:23:00:39 -0500,GET /.git/objects/14/?C=D;O=A HTTP/1.1
30/Dec/2012:23:02:57 -0500,GET /scarsdale.html HTTP/1.1
30/Dec/2012:23:02:58 -0500,GET /jquery.min.js HTTP/1.1
30/Dec/2012:23:05:40 -0500,GET /contact.html HTTP/1.1
30/Dec/2012:23:13:50 -0500,GET /.git/objects/0c/?C=N;O=A HTTP/1.1
30/Dec/2012:23:19:53 -0500,GET /backbone.queryparams.js HTTP/1.1
30/Dec/2012:23:29:54 -0500,GET /.git/objects/0a/?C=S;O=D HTTP/1.1
30/Dec/2012:23:33:31 -0500,GET / HTTP/1.1
30/Dec/2012:23:34:10 -0500,GET / HTTP/1.1
30/Dec/2012:23:36:05 -0500,GET /.git/objects/07/dce7211320ebd11d7160b7a29bacf1e2f677ba HTTP/1.1
30/Dec/2012:23:49:08 -0500,GET /.git/hooks/pre-rebase.sample HTTP/1.1
30/Dec/2012:23:59:00 -0500,GET /.git/hooks/pre-commit.sample HTTP/1.1
31/Dec/2012:00:12:32 -0500,GET /.git/objects/30/?C=S;O=D HTTP/1.1
31/Dec/2012:00:18:33 -0500,GET /.git/?C=S;O=D HTTP/1.1
31/Dec/2012:00:32:39 -0500,GET /.git/objects/14/?C=N;O=A HTTP/1.1
31/Dec/2012:00:34:14 -0500,GET / HTTP/1.1
31/Dec/2012:00:34:57 -0500,GET / HTTP/1.1
31/Dec/2012:00:48:33 -0500,GET /robots.txt HTTP/1.1
31/Dec/2012:00:48:33 -0500,GET /wetland-pdfs/MVN-2012-0792-EOO/2012-05-24/document2012-04-30-103732.pdf HTTP/1.1
31/Dec/2012:01:01:51 -0500,GET /sitebuilder/images/Shack002-182x250.jpg HTTP/1.1
31/Dec/2012:01:11:43 -0500,GET / HTTP/1.1
31/Dec/2012:01:11:49 -0500,GET /pottery_mug_tadpole1.html HTTP/1.1
31/Dec/2012:01:15:21 -0500,GET /.git/objects/10/?C=M;O=D HTTP/1.1
31/Dec/2012:01:22:07 -0500,GET /.git/objects/76/?C=S;O=A HTTP/1.1
31/Dec/2012:01:32:57 -0500,GET / HTTP/1.1
31/Dec/2012:01:33:33 -0500,GET / HTTP/1.1
31/Dec/2012:01:38:46 -0500,GET /.git/objects/c6/586b51bf8aa8e86435ad24a47429185df245bc HTTP/1.1
31/Dec/2012:01:45:28 -0500,GET /.git/objects/d3/?C=S;O=D HTTP/1.1
31/Dec/2012:01:57:35 -0500,GET /.git/objects/d4/5d3872c7979f42979f5bbbad14a23036eebca6 HTTP/1.1
31/Dec/2012:02:12:21 -0500,GET /.git/objects/be/?C=N;O=D HTTP/1.1
31/Dec/2012:02:17:14 -0500,GET /robots.txt HTTP/1.1
31/Dec/2012:02:17:14 -0500,GET /sitebuilder/images/home_page_navigator-5-active-86828.png HTTP/1.1
31/Dec/2012:02:33:00 -0500,GET / HTTP/1.1
31/Dec/2012:02:33:39 -0500,GET / HTTP/1.1
31/Dec/2012:02:35:11 -0500,GET /.git/objects/be/661d53aefa00d050bd708c871a679a1d495c0e HTTP/1.1
31/Dec/2012:02:50:03 -0500,GET /.git/objects/d7/7f7b1e14db49ed99030fab76f0fb43554ce69a HTTP/1.1
31/Dec/2012:02:55:55 -0500,GET /.git/objects/b7/e1074840b359b628b35f7ce41faeb6eb88170c HTTP/1.1
31/Dec/2012:02:55:56 -0500,GET /backbone-min.js HTTP/1.1
31/Dec/2012:03:04:15 -0500,GET /robots.txt HTTP/1.1
31/Dec/2012:03:05:57 -0500,GET / HTTP/1.1
31/Dec/2012:03:09:09 -0500,GET /robots.txt HTTP/1.1
31/Dec/2012:03:12:20 -0500,GET / HTTP/1.1
31/Dec/2012:03:12:45 -0500,GET /.git/objects/ac/531d3c8def1115167c9b062c2bc7ac37aa0cd3 HTTP/1.1
31/Dec/2012:03:24:31 -0500,GET /.git/objects/d9/?C=N;O=A HTTP/1.1
31/Dec/2012:03:32:36 -0500,GET /.git/objects/a9/?C=N;O=D HTTP/1.1
31/Dec/2012:03:33:07 -0500,GET / HTTP/1.1
31/Dec/2012:03:33:45 -0500,GET / HTTP/1.1
31/Dec/2012:03:34:25 -0500,GET / HTTP/1.1
31/Dec/2012:03:36:25 -0500,GET /csv.svg HTTP/1.1
31/Dec/2012:03:36:38 -0500,GET /underscore-min.js HTTP/1.1
31/Dec/2012:03:47:54 -0500,GET /.git/objects/df/?C=N;O=A HTTP/1.1
31/Dec/2012:03:56:04 -0500,GET /.git/objects/ce/?C=N;O=A HTTP/1.1
31/Dec/2012:04:08:23 -0500,GET /.git/objects/c1/?C=N;O=A HTTP/1.1
31/Dec/2012:04:15:23 -0500,GET / HTTP/1.1
31/Dec/2012:04:16:46 -0500,GET / HTTP/1.1
31/Dec/2012:04:24:49 -0500,GET /.git/objects/a1/?C=S;O=A HTTP/1.1
31/Dec/2012:04:29:16 -0500,GET /.git/objects/a0/?C=M;O=D HTTP/1.1
31/Dec/2012:04:43:04 -0500,GET /.git/objects/9f/?C=M;O=D HTTP/1.1
31/Dec/2012:04:48:57 -0500,GET / HTTP/1.1
31/Dec/2012:04:49:37 -0500,GET / HTTP/1.1
31/Dec/2012:04:57:48 -0500,GET /.git/objects/68/?C=M;O=A HTTP/1.1
31/Dec/2012:04:58:21 -0500,GET /robots.txt HTTP/1.1
31/Dec/2012:05:05:17 -0500,GET /.git/objects/e2/4330ad47e900dd0b9814d47c5768d2733db69d HTTP/1.1
31/Dec/2012:05:11:11 -0500,GET / HTTP/1.1
31/Dec/2012:05:11:12 -0500,GET / HTTP/1.1
31/Dec/2012:05:12:32 -0500,GET / HTTP/1.1
31/Dec/2012:05:12:41 -0500,GET / HTTP/1.1
31/Dec/2012:05:12:42 -0500,GET / HTTP/1.1
31/Dec/2012:05:14:00 -0500,GET / HTTP/1.1
31/Dec/2012:05:19:16 -0500,GET /.git/objects/9e/f4bb6e9c6eaa0bb4c9209288b7a900e65288c0 HTTP/1.1
31/Dec/2012:05:30:35 -0500,GET /personal_statement.pdf HTTP/1.1
31/Dec/2012:05:35:39 -0500,GET /.git/objects/f5/d64accc3925ffff6bbbd121c314b992482f324 HTTP/1.1
31/Dec/2012:05:43:03 -0500,GET /.git/objects/98/?C=S;O=D HTTP/1.1
31/Dec/2012:05:45:05 -0500,GET /robots.txt HTTP/1.1
31/Dec/2012:05:55:40 -0500,GET /.git/objects/d4/?C=N;O=A HTTP/1.1
31/Dec/2012:06:00:22 -0500,GET / HTTP/1.1
31/Dec/2012:06:01:09 -0500,GET / HTTP/1.1
31/Dec/2012:06:03:08 -0500,GET /.git/objects/92/?C=S;O=D HTTP/1.1
31/Dec/2012:06:11:51 -0500,GET /robots.txt HTTP/1.1
31/Dec/2012:06:11:51 -0500,GET /images/Raku_porcelain_planter_blue_copper.jpg HTTP/1.1
31/Dec/2012:06:16:09 -0500,GET / HTTP/1.1
31/Dec/2012:06:17:58 -0500,GET /.git/objects/f9/ce2496e52630e3ed9227e058b89e519a9d0853 HTTP/1.1
31/Dec/2012:06:33:11 -0500,GET / HTTP/1.1
31/Dec/2012:06:33:18 -0500,GET /.git/objects/cd/?C=N;O=D HTTP/1.1
31/Dec/2012:06:33:50 -0500,GET / HTTP/1.1
31/Dec/2012:06:38:26 -0500,GET /.git/objects/91/?C=S;O=D HTTP/1.1
31/Dec/2012:06:54:34 -0500,GET /.git/objects/91/?C=D;O=D HTTP/1.1
31/Dec/2012:07:06:46 -0500,GET /.git/objects/82/?C=M;O=D HTTP/1.1
31/Dec/2012:07:14:00 -0500,GET /.git/objects/7b/?C=S;O=D HTTP/1.1
31/Dec/2012:07:28:33 -0500,GET /.git/objects/d8/?C=M;O=A HTTP/1.1
31/Dec/2012:07:32:24 -0500,GET / HTTP/1.1
31/Dec/2012:07:32:57 -0500,GET / HTTP/1.1
31/Dec/2012:07:43:55 -0500,GET /.git/objects/77/?C=S;O=D HTTP/1.1
31/Dec/2012:07:51:53 -0500,GET /.git/objects/cb/?C=N;O=A HTTP/1.1
31/Dec/2012:08:05:42 -0500,GET /.git/objects/76/35c973bb558c07e646ac33ef22fd468670a8ac HTTP/1.1
31/Dec/2012:08:18:30 -0500,GET / HTTP/1.1
31/Dec/2012:08:18:32 -0500,GET /.git/objects/74/a95baa5eab467756f34cfb2e2d6135bcb037d3 HTTP/1.1
31/Dec/2012:08:19:54 -0500,GET / HTTP/1.1
31/Dec/2012:08:25:26 -0500,GET /.git/objects/74/?C=M;O=A HTTP/1.1
31/Dec/2012:08:36:22 -0500,GET / HTTP/1.1
31/Dec/2012:08:37:07 -0500,GET / HTTP/1.1
31/Dec/2012:08:40:39 -0500,GET /.git/objects/69/?C=N;O=D HTTP/1.1
31/Dec/2012:08:46:17 -0500,GET /robots.txt HTTP/1.1
31/Dec/2012:08:46:18 -0500,GET /sitebuilder/images/Chompoo_Yasiri_Chiang_Mai-140x150.jpg HTTP/1.1
31/Dec/2012:08:47:26 -0500,GET /.git/objects/48/?C=D;O=D HTTP/1.1
31/Dec/2012:09:03:52 -0500,GET /.git/objects/69/?C=M;O=A HTTP/1.1
31/Dec/2012:09:18:01 -0500,GET /.git/objects/fa/?C=D;O=A HTTP/1.1
31/Dec/2012:09:25:22 -0500,GET /.git/objects/c8/?C=M;O=D HTTP/1.1
31/Dec/2012:09:35:35 -0500,GET / HTTP/1.1
31/Dec/2012:09:36:22 -0500,GET / HTTP/1.1
31/Dec/2012:09:38:00 -0500,GET /digital_art.html HTTP/1.1
31/Dec/2012:09:38:12 -0500,GET /.git/objects/59/?C=S;O=D HTTP/1.1
31/Dec/2012:09:54:53 -0500,GET /.git/objects/58/5cf9af6d4f85f4e8e03b3f4a9c02d176fc8710 HTTP/1.1
31/Dec/2012:09:58:43 -0500,GET /.git/objects/46/?C=N;O=A HTTP/1.1
31/Dec/2012:10:13:15 -0500,GET /.git/objects/3b/46e3ed686291c18c6838f6cc4dfbcc2196c3af HTTP/1.1
31/Dec/2012:10:17:32 -0500,GET / HTTP/1.1
31/Dec/2012:10:18:31 -0500,GET /parish.pdf HTTP/1.1
31/Dec/2012:10:18:56 -0500,GET / HTTP/1.1
31/Dec/2012:10:27:21 -0500,GET /.git/objects/34/4629c82c3c59069391abae7a9e18d6eeb8a822 HTTP/1.1
31/Dec/2012:10:34:08 -0500,GET / HTTP/1.1
31/Dec/2012:10:34:48 -0500,GET / HTTP/1.1
31/Dec/2012:10:35:03 -0500,GET /.git/objects/2f/511edae199caf3e97c525b25ef8d809e64353f HTTP/1.1
31/Dec/2012:10:44:05 -0500,GET /robots.txt HTTP/1.1
31/Dec/2012:10:44:05 -0500,GET / HTTP/1.1
31/Dec/2012:10:49:30 -0500,GET /.git/objects/26/?C=S;O=D HTTP/1.1
31/Dec/2012:10:56:36 -0500,GET /.git/objects/2c/ HTTP/1.1
31/Dec/2012:11:13:36 -0500,GET /.git/objects/26/?C=D;O=D HTTP/1.1
31/Dec/2012:11:21:28 -0500,GET /images/Stephanie_Pierpont_Santa_Fe.jpg HTTP/1.1
31/Dec/2012:11:25:31 -0500,GET /.git/objects/23/?C=M;O=D HTTP/1.1
31/Dec/2012:11:27:41 -0500,GET /digital_art.html HTTP/1.1
31/Dec/2012:11:28:38 -0500,GET /pottery_planter_petalshaped.html HTTP/1.1
31/Dec/2012:11:29:21 -0500,GET /test HTTP/1.1
31/Dec/2012:11:33:55 -0500,GET / HTTP/1.1
31/Dec/2012:11:37:26 -0500,GET /.git/objects/1e/?C=D;O=D HTTP/1.1
31/Dec/2012:11:40:58 -0500,GET /.git/objects/33/c58590bdd0e08deeaf09edda39312f388bd53a HTTP/1.1
31/Dec/2012:11:44:26 -0500,GET / HTTP/1.1
31/Dec/2012:11:44:29 -0500,GET /.git/objects/89/?C=D;O=D HTTP/1.1
31/Dec/2012:11:45:17 -0500,GET / HTTP/1.1
31/Dec/2012:11:47:43 -0500,GET /robots.txt HTTP/1.0
31/Dec/2012:11:47:59 -0500,GET /.git/objects/1c/040150a0ea496403a756c9af10475ee50cdad1 HTTP/1.1
31/Dec/2012:11:51:31 -0500,GET /.git/objects/b0/?C=N;O=A HTTP/1.1
31/Dec/2012:11:55:14 -0500,GET /.git/objects/ae/?C=S;O=A HTTP/1.1
31/Dec/2012:11:56:13 -0500,GET /robots.txt HTTP/1.1
31/Dec/2012:11:56:18 -0500,GET / HTTP/1.1
31/Dec/2012:11:56:23 -0500,GET / HTTP/1.1
31/Dec/2012:11:56:28 -0500,GET /index.html HTTP/1.1
31/Dec/2012:11:56:33 -0500,GET /index.html HTTP/1.1
31/Dec/2012:11:58:04 -0500,HEAD /words-that-work-in-ls.txt HTTP/1.1
31/Dec/2012:12:02:38 -0500,GET /.git/objects/ac/d38a85c963a210154a02750934c221d1ccc61f HTTP/1.1
31/Dec/2012:12:06:09 -0500,GET /.git/objects/13/?C=N;O=A HTTP/1.1
31/Dec/2012:12:09:41 -0500,GET /.git/objects/0b/?C=D;O=D HTTP/1.1
31/Dec/2012:12:13:12 -0500,GET /.git/objects/a1/?C=N;O=A HTTP/1.1
31/Dec/2012:12:17:38 -0500,GET / HTTP/1.1
31/Dec/2012:12:19:07 -0500,GET / HTTP/1.1
31/Dec/2012:12:23:00 -0500,GET /.git/objects/b1/a7377867d6fec85bdf7e1c3842f1bb4167cbad HTTP/1.1
31/Dec/2012:12:26:45 -0500,GET /.git/objects/07/fca932a69d1204c46009e20ef152b0df85f155 HTTP/1.1
31/Dec/2012:12:30:17 -0500,GET /.git/hooks/?C=S;O=A HTTP/1.1
31/Dec/2012:12:33:50 -0500,GET /.git/objects/b5/5208f0a67688447aaa979df8208af9edb106c5 HTTP/1.1
31/Dec/2012:12:37:21 -0500,GET /.git/objects/14/?C=D;O=D HTTP/1.1
31/Dec/2012:12:40:53 -0500,GET /.git/objects/01/839191d048cd2b24a4a9860d0779c22154ebcf HTTP/1.1
31/Dec/2012:12:42:55 -0500,GET / HTTP/1.1
31/Dec/2012:12:43:36 -0500,GET / HTTP/1.1
31/Dec/2012:12:44:25 -0500,GET /.git/hooks/prepare-commit-msg.sample HTTP/1.1
31/Dec/2012:12:46:17 -0500,GET /jquery.min.js HTTP/1.1
31/Dec/2012:12:49:21 -0500,GET /.git/objects/9e/858bdede515a71031bbb665c414e823216b538 HTTP/1.1
31/Dec/2012:12:49:48 -0500,GET /?C=M;O=A HTTP/1.1
31/Dec/2012:12:52:53 -0500,GET /.git/objects/b5/?C=D;O=D HTTP/1.1
31/Dec/2012:12:59:24 -0500,GET /.git/objects/14/?C=N;O=D HTTP/1.1
31/Dec/2012:13:02:56 -0500,GET /.git/objects/b9/c45c2d782f62295f284fc5c1955cd7aedafe19 HTTP/1.1
31/Dec/2012:13:06:28 -0500,GET /.git/objects/9c/?C=D;O=D HTTP/1.1
31/Dec/2012:13:15:13 -0500,GET /Self_Reflection_Exhibit.html HTTP/1.1
31/Dec/2012:13:24:11 -0500,GET /.git/objects/03/?C=D;O=D HTTP/1.1
31/Dec/2012:13:27:57 -0500,GET /.git/objects/c1/11bad6babf5482b33286146f10a8f3a007d66e HTTP/1.1
31/Dec/2012:13:34:18 -0500,GET /.git/objects/c1/?C=S;O=D HTTP/1.1
31/Dec/2012:13:37:47 -0500,GET / HTTP/1.1
31/Dec/2012:13:38:30 -0500,GET / HTTP/1.1
31/Dec/2012:13:43:04 -0500,HEAD /words-that-work-in-ls.txt HTTP/1.1
31/Dec/2012:13:43:47 -0500,GET /.git/objects/25/?C=M;O=A HTTP/1.1
31/Dec/2012:13:47:18 -0500,GET /.git/objects/06/?C=S;O=D HTTP/1.1
31/Dec/2012:13:56:25 -0500,GET /sitebuilder/images/Mug_tadpole1back-343x260.jpg HTTP/1.1
31/Dec/2012:13:56:35 -0500,GET /.git/objects/08/e104e052706373b93c52698bf55bfa66c1f6a6 HTTP/1.1
31/Dec/2012:14:04:42 -0500,GET /.git/objects/91/d85fa692a76b34bb1620c04ea899054c381456 HTTP/1.1
31/Dec/2012:14:08:13 -0500,GET /.git/objects/d1/fa72816ea6696076379a474c8cc28a259e0b4c HTTP/1.1
31/Dec/2012:14:10:43 -0500,HEAD /words-that-work-in-ls.txt HTTP/1.1
31/Dec/2012:14:14:52 -0500,GET /.git/objects/8b/?C=N;O=D HTTP/1.1
31/Dec/2012:14:18:07 -0500,GET / HTTP/1.1
31/Dec/2012:14:18:23 -0500,GET /.git/objects/d3/?C=D;O=D HTTP/1.1
31/Dec/2012:14:19:31 -0500,GET / HTTP/1.1
31/Dec/2012:14:29:11 -0500,GET /.git/objects/dd/de77e9f00ed93c1e9793cafb53e54d6f5dc79f HTTP/1.1
31/Dec/2012:14:32:53 -0500,GET / HTTP/1.1
31/Dec/2012:14:33:29 -0500,GET / HTTP/1.1
31/Dec/2012:14:36:30 -0500,GET /.git/objects/e2/?C=D;O=D HTTP/1.1
31/Dec/2012:14:40:01 -0500,GET /.git/objects/e6/?C=D;O=D HTTP/1.1
31/Dec/2012:14:46:03 -0500,GET /.git/objects/eb/9925f1949b8ac7326cda86d8bf9820e8bf4fe9 HTTP/1.1
31/Dec/2012:14:55:02 -0500,GET /.git/objects/f9/048b47baf6c3e756edd00b066de536945a9fad HTTP/1.1
31/Dec/2012:14:58:49 -0500,GET /.git/objects/12/?C=S;O=A HTTP/1.1
31/Dec/2012:15:07:20 -0500,GET /.git/hooks/?C=M;O=D HTTP/1.1
31/Dec/2012:15:15:54 -0500,GET /.git/objects/15/110bdc626a960cf3251a8c46b76ca7858bff47 HTTP/1.1
31/Dec/2012:15:19:26 -0500,GET /.git/objects/15/?C=S;O=D HTTP/1.1
31/Dec/2012:15:29:25 -0500,GET /.git/objects/f9/6273425d124b02abf1161fb3f82de7c8466978 HTTP/1.1
31/Dec/2012:15:36:21 -0500,GET / HTTP/1.1
31/Dec/2012:15:37:01 -0500,GET / HTTP/1.1
31/Dec/2012:15:37:57 -0500,GET /.git/objects/pack/?C=N;O=A HTTP/1.1
31/Dec/2012:15:41:28 -0500,GET /.git/objects/2f/6979559a8a2b324ef0db0abe2b6bf380e5a69f HTTP/1.1
31/Dec/2012:15:49:17 -0500,GET /.git/objects/33/f0d64e81e39b2e6812377a6114e67eafad9f3f HTTP/1.1
31/Dec/2012:15:52:48 -0500,GET /.git/objects/72/?C=S;O=A HTTP/1.1
31/Dec/2012:16:01:56 -0500,GET /.git/objects/3b/41c4975d9b382b47d16a24d0c9b191c60e1ac3 HTTP/1.1
31/Dec/2012:16:10:32 -0500,GET /.git/objects/ce/?C=D;O=A HTTP/1.1
31/Dec/2012:16:14:03 -0500,GET /.git/objects/3e/6b31c1200d264aaa9e5030524678162fffb428 HTTP/1.1
31/Dec/2012:16:17:39 -0500,GET / HTTP/1.1
31/Dec/2012:16:19:04 -0500,GET / HTTP/1.1
31/Dec/2012:16:20:14 -0500,GET /.git/objects/48/571d2d218e59c89770572f5e623ea1477dff4c HTTP/1.1
31/Dec/2012:16:29:10 -0500,GET /.git/objects/56/?C=S;O=D HTTP/1.1
31/Dec/2012:16:31:25 -0500,GET /sitebuilder/images/pottery_mug_tadpole1.html-1.png HTTP/1.1
31/Dec/2012:16:32:38 -0500,GET /.git/objects/59/?C=D;O=D HTTP/1.1
31/Dec/2012:16:36:26 -0500,GET / HTTP/1.1
31/Dec/2012:16:37:10 -0500,GET / HTTP/1.1
31/Dec/2012:16:39:35 -0500,GET /.git/objects/5b/65f5eee3be9d7fb6a94ff183be140e7a9b27e5 HTTP/1.1
31/Dec/2012:16:49:47 -0500,GET /.git/objects/91/1885437db607da687b34c6a5f3020a3e5aa99f HTTP/1.1
31/Dec/2012:16:51:27 -0500,GET /robots.txt HTTP/1.1
31/Dec/2012:16:51:29 -0500,HEAD / HTTP/1.1
31/Dec/2012:16:51:29 -0500,GET / HTTP/1.1
31/Dec/2012:16:53:18 -0500,GET /.git/objects/8c/?C=S;O=D HTTP/1.1
31/Dec/2012:17:02:17 -0500,GET /.git/?C=S;O=D HTTP/1.1
31/Dec/2012:17:05:48 -0500,GET /.git/objects/3a/?C=M;O=D HTTP/1.1
31/Dec/2012:17:13:17 -0500,GET /.git/objects/60/?C=M;O=D HTTP/1.1
31/Dec/2012:17:21:00 -0500,GET /.git/objects/b0/90536fa0bf5690db2a2af5d2e2e3c7c3388edf HTTP/1.1
31/Dec/2012:17:24:31 -0500,GET /.git/objects/8b/c2509bd6c2a01d785cf61b70e574daead46e1c HTTP/1.1
31/Dec/2012:17:34:10 -0500,GET / HTTP/1.1
31/Dec/2012:17:34:49 -0500,GET / HTTP/1.1
31/Dec/2012:17:35:35 -0500,GET /.git/objects/69/?C=D;O=A HTTP/1.1
31/Dec/2012:17:41:43 -0500,GET /.git/objects/6f/bd772c4d2fde20a0a5c2e46204bfe1eb4541c3 HTTP/1.1
31/Dec/2012:17:45:14 -0500,GET /.git/objects/6f/c7bc7c15f50304059363e297d1278d151eaded HTTP/1.1
31/Dec/2012:17:54:00 -0500,GET /.git/objects/7b/?C=M;O=D HTTP/1.1
31/Dec/2012:18:02:51 -0500,GET /.git/objects/64/?C=N;O=D HTTP/1.1
31/Dec/2012:18:04:27 -0500,GET /scarsdale.html HTTP/1.1
31/Dec/2012:18:06:10 -0500,GET /robots.txt HTTP/1.1
31/Dec/2012:18:06:23 -0500,GET /.git/objects/86/22cf7524293e6420dd140b4dc0212ce7f5dd92 HTTP/1.1
31/Dec/2012:18:12:57 -0500,GET /.git/objects/81/?C=M;O=A HTTP/1.1
31/Dec/2012:18:17:54 -0500,GET / HTTP/1.1
31/Dec/2012:18:19:18 -0500,GET / HTTP/1.1
31/Dec/2012:18:24:14 -0500,GET http://gameframe.net/headers HTTP/1.1
31/Dec/2012:18:31:13 -0500,GET /jquery.min.js HTTP/1.1
31/Dec/2012:18:35:10 -0500,GET / HTTP/1.1
31/Dec/2012:18:35:51 -0500,GET / HTTP/1.1
31/Dec/2012:19:19:41 -0500,GET /backbone.queryparams.js HTTP/1.1
31/Dec/2012:19:32:27 -0500,GET / HTTP/1.1
31/Dec/2012:19:33:04 -0500,GET / HTTP/1.1
31/Dec/2012:19:43:46 -0500,GET /robots.txt HTTP/1.1
31/Dec/2012:19:43:47 -0500,GET /sitebuilder/images/Tumbler_porcelain_jellyfish_3-244x137.jpg HTTP/1.1
31/Dec/2012:19:46:58 -0500,GET /robots.txt HTTP/1.1
31/Dec/2012:19:46:58 -0500,GET /convergent-validity.png HTTP/1.1
31/Dec/2012:19:49:11 -0500,GET /robots.txt HTTP/1.1
31/Dec/2012:19:49:12 -0500,GET / HTTP/1.1
31/Dec/2012:19:49:13 -0500,GET / HTTP/1.1
31/Dec/2012:20:05:20 -0500,GET / HTTP/1.1
31/Dec/2012:20:18:14 -0500,GET / HTTP/1.1
31/Dec/2012:20:19:38 -0500,GET / HTTP/1.1
31/Dec/2012:20:24:37 -0500,GET /w00tw00t.at.ISC.SANS.DFind:) HTTP/1.1
31/Dec/2012:20:38:43 -0500,GET / HTTP/1.1
31/Dec/2012:20:39:24 -0500,GET / HTTP/1.1
31/Dec/2012:21:41:04 -0500,GET / HTTP/1.1
31/Dec/2012:21:41:46 -0500,GET / HTTP/1.1
31/Dec/2012:22:01:33 -0500,GET / HTTP/1.1
31/Dec/2012:22:02:23 -0500,GET / HTTP/1.1
31/Dec/2012:22:11:18 -0500,GET /robots.txt HTTP/1.1
31/Dec/2012:22:18:34 -0500,GET /wetland-pdfs/MVN-2012-1233-WJJ/2012-05-25/MVN201201233.pn.pdf HTTP/1.1
31/Dec/2012:22:35:42 -0500,GET / HTTP/1.1
31/Dec/2012:22:36:18 -0500,GET / HTTP/1.1
31/Dec/2012:22:55:32 -0500,GET /backbone-min.js HTTP/1.1
31/Dec/2012:23:33:37 -0500,GET / HTTP/1.1
31/Dec/2012:23:34:15 -0500,GET / HTTP/1.1
31/Dec/2012:23:49:03 -0500,GET / HTTP/1.1
01/Jan/2013:00:17:44 -0500,GET / HTTP/1.1
01/Jan/2013:00:19:09 -0500,GET / HTTP/1.1
01/Jan/2013:00:33:03 -0500,GET / HTTP/1.1
01/Jan/2013:00:33:39 -0500,GET / HTTP/1.1
01/Jan/2013:01:09:14 -0500,GET /robots.txt HTTP/1.1
01/Jan/2013:01:10:48 -0500,GET / HTTP/1.1
01/Jan/2013:01:12:57 -0500,GET /pottery_mug_tadpole1.html HTTP/1.1
01/Jan/2013:01:16:27 -0500,GET /digital_art.html HTTP/1.1
01/Jan/2013:01:19:58 -0500,GET /.git/objects/b2/9cf6b72ca8a1e42c04a308f6f11343b68bbc4e HTTP/1.1
01/Jan/2013:01:20:32 -0500,GET /dwb/GuideStar/Philanthropedia_Data_Dive.xlsx HTTP/1.1
01/Jan/2013:01:32:57 -0500,GET / HTTP/1.1
01/Jan/2013:01:33:34 -0500,GET / HTTP/1.1
01/Jan/2013:01:35:18 -0500,GET /.git/objects/a0/0101f83d8a0d0a940499c29509c7c6fcaddfff HTTP/1.1
01/Jan/2013:01:52:09 -0500,GET /.git/objects/?C=M;O=A HTTP/1.1
01/Jan/2013:02:17:43 -0500,GET / HTTP/1.1
01/Jan/2013:02:19:07 -0500,GET / HTTP/1.1
01/Jan/2013:02:20:38 -0500,GET /.git/objects/9e/61fa7f2f14b5e6c4f4c2c6265ca7bdbc051a95 HTTP/1.1
01/Jan/2013:02:34:55 -0500,GET / HTTP/1.1
01/Jan/2013:02:35:35 -0500,GET / HTTP/1.1
01/Jan/2013:02:35:55 -0500,GET /.git/objects/96/54e6eaf03b22a03adf30525e0303720957043d HTTP/1.1
01/Jan/2013:02:49:02 -0500,GET /.git/objects/91/06b1b4b6d6dcf5a0697cff5b82855f2ec1893b HTTP/1.1
01/Jan/2013:03:03:01 -0500,GET /robots.txt HTTP/1.1
01/Jan/2013:03:03:50 -0500,GET /.git/objects/89/?C=M;O=A HTTP/1.1
01/Jan/2013:03:05:19 -0500,GET / HTTP/1.1
01/Jan/2013:03:11:49 -0500,GET /.git/objects/ba/bbb4fe8fa117386bf14306861e2bd35c33c75c HTTP/1.1
01/Jan/2013:03:15:07 -0500,GET /robots.txt HTTP/1.1
01/Jan/2013:03:17:22 -0500,GET / HTTP/1.1
01/Jan/2013:03:25:03 -0500,GET /.git/objects/be/?C=M;O=A HTTP/1.1
01/Jan/2013:03:26:07 -0500,GET /images/Sarah_Belvins.jpg HTTP/1.1
01/Jan/2013:03:31:47 -0500,GET / HTTP/1.1
01/Jan/2013:03:32:24 -0500,GET / HTTP/1.1
01/Jan/2013:03:35:10 -0500,GET /wetland-pdfs/MVN-2012-1043-WJJ/2012-05-26/ HTTP/1.1
01/Jan/2013:03:35:18 -0500,GET /209uh0oe98au%5BU HTTP/1.1
01/Jan/2013:03:39:52 -0500,GET /.git/objects/ HTTP/1.1
01/Jan/2013:03:48:26 -0500,GET /wetlands/wetland-pdfs/MVN-2012-00907-MS/ HTTP/1.1
01/Jan/2013:03:53:36 -0500,GET /.git/objects/88/?C=M;O=D HTTP/1.1
01/Jan/2013:04:06:37 -0500,GET / HTTP/1.1
01/Jan/2013:04:08:20 -0500,GET /.git/objects/7e/7bfd0233352090da2a06315786d3189320f0b0 HTTP/1.1
01/Jan/2013:04:09:05 -0500,GET /red.pdf HTTP/1.1
01/Jan/2013:04:17:20 -0500,HEAD /words-that-work-in-ls.txt HTTP/1.1
01/Jan/2013:04:18:20 -0500,GET / HTTP/1.1
01/Jan/2013:04:19:47 -0500,GET / HTTP/1.1
01/Jan/2013:04:23:43 -0500,GET /.git/objects/79/?C=D;O=D HTTP/1.1
01/Jan/2013:04:26:57 -0500,GET /robots.txt HTTP/1.1
01/Jan/2013:04:26:58 -0500,GET /robots.txt HTTP/1.1
01/Jan/2013:04:26:58 -0500,GET /sitemap.xml HTTP/1.1
01/Jan/2013:04:29:40 -0500,GET /wetland-pdfs/MVN-2011-02214-CJ/2012-05-24/ HTTP/1.1
01/Jan/2013:04:37:30 -0500,GET /.git/objects/be/b3b3841e5fe5f9051981487ecb81f999c59797 HTTP/1.1
01/Jan/2013:04:37:44 -0500,GET /wetland-pdfs/MVN-2012-1189-EOO/2012-05-28/sec10PN_1189.pdf HTTP/1.1
01/Jan/2013:04:43:05 -0500,GET / HTTP/1.1
01/Jan/2013:04:43:24 -0500,GET / HTTP/1.1
01/Jan/2013:04:45:30 -0500,GET /robots.txt HTTP/1.1
01/Jan/2013:04:45:33 -0500,GET /bio.html HTTP/1.1
01/Jan/2013:04:52:03 -0500,GET /.git/objects/77/?C=D;O=A HTTP/1.1
01/Jan/2013:05:06:04 -0500,GET /.git/objects/a5/553d2c70719eb0159f54d90f395d4af6fa19c8 HTTP/1.1
01/Jan/2013:05:06:19 -0500,GET /wetland-pdfs/MVN-2011-2759-EBB/2012-05-24/ HTTP/1.1
01/Jan/2013:05:12:03 -0500,GET /.git/objects/10/?C=M;O=D HTTP/1.1
01/Jan/2013:05:27:00 -0500,GET /.git/objects/76/?C=S;O=A HTTP/1.1
01/Jan/2013:05:35:06 -0500,GET /wetland-pdfs/MVN-2012-00864%20WKK/2012-05-25/Yvette%20Ford%2000864%20DWGS.pdf HTTP/1.1
01/Jan/2013:05:35:26 -0500,GET / HTTP/1.1
01/Jan/2013:05:35:50 -0500,GET / HTTP/1.1
01/Jan/2013:05:42:53 -0500,GET /.git/objects/f3/0ccc496e16d8e4ceac2390af77af65ca1c8bd7 HTTP/1.1
01/Jan/2013:05:49:47 -0500,GET /photo_gallery.html HTTP/1.1
01/Jan/2013:05:54:05 -0500,GET /.git/objects/eb/?C=N;O=D HTTP/1.1
01/Jan/2013:06:08:45 -0500,GET /.git/objects/be/f5528a20ecb0ade375216d52f1eb533c06d17c HTTP/1.1
01/Jan/2013:06:18:02 -0500,GET / HTTP/1.1
01/Jan/2013:06:19:26 -0500,GET / HTTP/1.1
01/Jan/2013:06:23:18 -0500,GET /.git/objects/c3/?C=N;O=A HTTP/1.1
01/Jan/2013:06:31:54 -0500,GET / HTTP/1.1
01/Jan/2013:06:32:28 -0500,GET / HTTP/1.1
01/Jan/2013:06:32:31 -0500,GET /wetland-pdfs/MVN-2012-1006-EII/2012-05-25/MVN-2012-1006-EIIPN.pdf HTTP/1.1
01/Jan/2013:06:38:42 -0500,GET /.git/objects/b9/ HTTP/1.1
01/Jan/2013:06:54:13 -0500,GET /.git/objects/58/?C=S;O=D HTTP/1.1
01/Jan/2013:07:01:01 -0500,GET /wetland-pdfs/MVN-2012-1000-EOO/2012-05-28/ HTTP/1.1
01/Jan/2013:07:03:56 -0500,GET /underscore-min.js HTTP/1.1
01/Jan/2013:07:05:44 -0500,GET /.git/objects/b1/8185da08a197692d09723761600e1e68a587ba HTTP/1.1
01/Jan/2013:07:15:59 -0500,GET /.git/objects/c6/?C=S;O=D HTTP/1.1
01/Jan/2013:07:29:38 -0500,GET /.git/objects/cb/?C=N;O=A HTTP/1.1
01/Jan/2013:07:29:44 -0500,GET /wetland-pdfs/MVN-2012-0792-EOO/2012-05-24/ HTTP/1.1
01/Jan/2013:07:31:57 -0500,GET / HTTP/1.1
01/Jan/2013:07:32:31 -0500,GET / HTTP/1.1
01/Jan/2013:07:42:15 -0500,GET /.git/objects/01/071ca380cbada01b74b4e2a35d7f2105bff8ab HTTP/1.1
01/Jan/2013:07:58:36 -0500,GET /robots.txt HTTP/1.1
01/Jan/2013:07:58:36 -0500,GET /wetland-pdfs/MVN-2012-0000-SU/2012-05-27/ HTTP/1.1
01/Jan/2013:07:58:53 -0500,GET /.git/objects/e8/?C=M;O=A HTTP/1.1
01/Jan/2013:08:01:34 -0500,GET /Scalable-Big-Data-Cloud-ROI-Agile-Fixie-API-with-HTML9-Responsive-Boilerstrap-JS/ HTTP/1.1
01/Jan/2013:08:12:30 -0500,GET /.git/objects/fa/?C=D;O=A HTTP/1.1
01/Jan/2013:08:18:01 -0500,GET / HTTP/1.1
01/Jan/2013:08:19:26 -0500,GET / HTTP/1.1
01/Jan/2013:08:24:26 -0500,GET /robots.txt HTTP/1.1
01/Jan/2013:08:24:57 -0500,GET /robots.txt HTTP/1.1
01/Jan/2013:08:24:57 -0500,GET /sitebuilder/images/digital_art_112109_copy_web-364x489.jpg HTTP/1.1
01/Jan/2013:08:26:11 -0500,GET /.git/objects/15/?C=D;O=D HTTP/1.1
01/Jan/2013:08:27:03 -0500,GET /wetland-pdfs/MVN-2012-0894-WJJ/2012-05-28/ HTTP/1.1
01/Jan/2013:08:36:22 -0500,GET / HTTP/1.1
01/Jan/2013:08:37:02 -0500,GET / HTTP/1.1
01/Jan/2013:08:40:40 -0500,GET /.git/objects/d6/bb5fb8cae90a4914dc5022ce3fe908eb6c94c4 HTTP/1.1
01/Jan/2013:08:55:43 -0500,GET /.git/objects/68/?C=D;O=D HTTP/1.1
01/Jan/2013:08:55:47 -0500,GET /wetland-pdfs/MVN-2011-03325-WNN/2012-05-28/Neumin_MVN_2011_03325_WNN_JPN_dwgs.pdf HTTP/1.1
01/Jan/2013:09:09:50 -0500,GET /.git/objects/1c/040150a0ea496403a756c9af10475ee50cdad1 HTTP/1.1
01/Jan/2013:09:16:30 -0500,GET /.git/objects/1c/2d45ac955e400671ce20a10db83d1c181b16a9 HTTP/1.1
01/Jan/2013:09:24:39 -0500,GET /wetland-pdfs/MVN-2002-3090-EFF/2012-05-24/PLats.pdf HTTP/1.1
01/Jan/2013:09:32:16 -0500,GET /.git/objects/4d/?C=M;O=A HTTP/1.1
01/Jan/2013:09:33:49 -0500,GET / HTTP/1.1
01/Jan/2013:09:34:28 -0500,GET / HTTP/1.1
01/Jan/2013:09:39:59 -0500,GET /photo_gallery.html HTTP/1.1
01/Jan/2013:09:43:56 -0500,GET /.git/objects/1f/eae9e84aa47d7e04f36abb0c3ccde46486df0e HTTP/1.1
01/Jan/2013:09:53:18 -0500,GET /wetland-pdfs/MVN-2012-1000-EOO/2012-05-27/dwgs1000.pdf HTTP/1.1
01/Jan/2013:10:01:11 -0500,GET /.git/objects/d7/7f7b1e14db49ed99030fab76f0fb43554ce69a HTTP/1.1
01/Jan/2013:10:03:03 -0500,GET /?C=S;O=A HTTP/1.1
01/Jan/2013:10:15:25 -0500,GET /.git/objects/df/2b7f1145653dbdc9fb1e9a3333ae43abf79dfb HTTP/1.1
01/Jan/2013:10:18:01 -0500,GET / HTTP/1.1
01/Jan/2013:10:19:27 -0500,GET / HTTP/1.1
01/Jan/2013:10:22:04 -0500,GET /wetland-pdfs/MVN-2000-0012-EPP/2012-05-24/Bev%20Const%202000-0012%20DR.pdf HTTP/1.1
01/Jan/2013:10:28:07 -0500,GET /.git/objects/de/c2f184d978b5bc71baa48544ebdb0754e884ba HTTP/1.1
01/Jan/2013:10:34:07 -0500,GET / HTTP/1.1
01/Jan/2013:10:34:47 -0500,GET / HTTP/1.1
01/Jan/2013:10:42:29 -0500,GET /.git/objects/dd/2b8c381d36a9cc9788e6a6497262ea31563468 HTTP/1.1
01/Jan/2013:10:49:09 -0500,GET /robots.txt HTTP/1.1
01/Jan/2013:10:49:10 -0500,GET /Pottery1.html HTTP/1.1
01/Jan/2013:10:49:11 -0500,GET /Pottery1.html HTTP/1.1
01/Jan/2013:10:49:12 -0500,GET /Self_Reflection_Exhibit.html HTTP/1.1
01/Jan/2013:10:49:13 -0500,GET /Self_Reflection_Exhibit.html HTTP/1.1
01/Jan/2013:10:49:14 -0500,GET /bio.html HTTP/1.1
01/Jan/2013:10:49:15 -0500,GET /bio.html HTTP/1.1
01/Jan/2013:10:49:16 -0500,GET /contact.html HTTP/1.1
01/Jan/2013:10:49:17 -0500,GET /contact.html HTTP/1.1
01/Jan/2013:10:49:18 -0500,GET /digital_art.html HTTP/1.1
01/Jan/2013:10:49:19 -0500,GET /digital_art.html HTTP/1.1
01/Jan/2013:10:49:20 -0500,GET /photo_gallery.html HTTP/1.1
01/Jan/2013:10:49:21 -0500,GET /photo_gallery.html HTTP/1.1
01/Jan/2013:10:50:37 -0500,GET /wetland-pdfs/MVN-2012-01093-MS/2012-05-23/ HTTP/1.1
01/Jan/2013:10:58:12 -0500,GET /.git/objects/48/1153beff789354243c1f78d1e7294b3ee2919a HTTP/1.1
01/Jan/2013:11:02:01 -0500,HEAD /words-that-work-in-ls.txt HTTP/1.1
01/Jan/2013:11:06:37 -0500,GET /contact.html HTTP/1.1
01/Jan/2013:11:10:22 -0500,GET /.git/objects/cc/ HTTP/1.1
01/Jan/2013:11:14:59 -0500,GET /images/Jessica_Harig.jpg HTTP/1.1
01/Jan/2013:11:15:45 -0500,GET /photo_gallery.html HTTP/1.1
01/Jan/2013:11:19:06 -0500,GET /.git/objects/26/?C=S;O=D HTTP/1.1
01/Jan/2013:11:19:25 -0500,GET /wetland-pdfs/MVN-2012-1098-EOO/2012-05-23/ HTTP/1.1
01/Jan/2013:11:32:22 -0500,GET /.git/objects/2f/511edae199caf3e97c525b25ef8d809e64353f HTTP/1.1
01/Jan/2013:11:39:15 -0500,GET /index.html HTTP/1.1
01/Jan/2013:11:46:22 -0500,GET /.git/objects/3b/46e3ed686291c18c6838f6cc4dfbcc2196c3af HTTP/1.1
01/Jan/2013:11:47:01 -0500,GET / HTTP/1.1
01/Jan/2013:11:47:48 -0500,GET /wetland-pdfs/MVN-2012-0084-EOO/2012-05-25/ HTTP/1.1
01/Jan/2013:11:47:59 -0500,GET / HTTP/1.1
01/Jan/2013:11:59:58 -0500,GET /.git/objects/3a/?C=S;O=D HTTP/1.1
01/Jan/2013:12:16:46 -0500,GET /.git/objects/d9/?C=N;O=A HTTP/1.1
01/Jan/2013:12:16:51 -0500,GET /wetland-pdfs/MVN-2011-2935-EFF/2012-05-23/ HTTP/1.1
01/Jan/2013:12:18:03 -0500,GET / HTTP/1.1
01/Jan/2013:12:19:27 -0500,GET / HTTP/1.1
01/Jan/2013:12:24:59 -0500,GET /digital_art.html HTTP/1.1
01/Jan/2013:12:31:07 -0500,GET /.git/objects/48/?C=M;O=A HTTP/1.1
01/Jan/2013:12:40:40 -0500,GET / HTTP/1.1
01/Jan/2013:12:40:41 -0500,GET / HTTP/1.1
01/Jan/2013:12:42:00 -0500,GET / HTTP/1.1
01/Jan/2013:12:42:08 -0500,GET / HTTP/1.1
01/Jan/2013:12:42:09 -0500,GET / HTTP/1.1
01/Jan/2013:12:43:14 -0500,GET /.git/objects/6f/?C=D;O=D HTTP/1.1
01/Jan/2013:12:43:25 -0500,GET / HTTP/1.1
01/Jan/2013:12:45:11 -0500,GET / HTTP/1.1
01/Jan/2013:12:45:31 -0500,GET /wetland-pdfs/MVN-2011-03325-WNN/ HTTP/1.1
01/Jan/2013:12:45:44 -0500,GET / HTTP/1.1
01/Jan/2013:12:46:44 -0500,GET / HTTP/1.1
01/Jan/2013:12:50:15 -0500,GET /.git/objects/pack/?C=N;O=A HTTP/1.1
01/Jan/2013:12:53:46 -0500,GET /.git/objects/fd/?C=S;O=D HTTP/1.1
01/Jan/2013:12:57:16 -0500,GET /.git/objects/52/?C=M;O=A HTTP/1.1
01/Jan/2013:13:04:20 -0500,GET /test HTTP/1.1
01/Jan/2013:13:10:49 -0500,GET /.git/objects/f9/048b47baf6c3e756edd00b066de536945a9fad HTTP/1.1
01/Jan/2013:13:13:57 -0500,GET /wetland-pdfs/MVN%202011-2366%20EMM/2012-05-24/document2012-04-17-150305.pdf HTTP/1.1
01/Jan/2013:13:24:08 -0500,GET /.git/objects/f6/?C=S;O=D HTTP/1.1
01/Jan/2013:13:29:14 -0500,HEAD /words-that-work-in-ls.txt HTTP/1.1
01/Jan/2013:13:36:09 -0500,GET / HTTP/1.1
01/Jan/2013:13:36:48 -0500,GET / HTTP/1.1
01/Jan/2013:13:43:15 -0500,GET /wetland-pdfs/MVN-2012-1139-EBB/2012-05-26/1139%20PN.pdf HTTP/1.1
01/Jan/2013:13:45:15 -0500,GET /hover.pdf HTTP/1.1
01/Jan/2013:13:54:19 -0500,GET /.git/objects/eb/9925f1949b8ac7326cda86d8bf9820e8bf4fe9 HTTP/1.1
01/Jan/2013:14:08:25 -0500,GET /.git/objects/e6/?C=D;O=D HTTP/1.1
01/Jan/2013:14:11:14 -0500,GET /wetland-pdfs/MVN%202011-1613%20CO/ HTTP/1.1
01/Jan/2013:14:18:08 -0500,GET / HTTP/1.1
01/Jan/2013:14:19:33 -0500,GET / HTTP/1.1
01/Jan/2013:14:22:13 -0500,GET /.git/objects/d9/6b04c6292ffefe6db23dbb16499d34dc635379 HTTP/1.1
01/Jan/2013:14:30:59 -0500,GET /jquery.min.js HTTP/1.1
01/Jan/2013:14:34:51 -0500,GET / HTTP/1.1
01/Jan/2013:14:35:25 -0500,GET /.git/objects/c9/978ecfa45bd83a9c49db02a75da3e7b0ad460b HTTP/1.1
01/Jan/2013:14:35:30 -0500,GET / HTTP/1.1
01/Jan/2013:14:38:07 -0500,GET /words-that-work-in-ls.txt HTTP/1.1
01/Jan/2013:14:38:09 -0500,GET /favicon.ico HTTP/1.1
01/Jan/2013:14:39:26 -0500,GET /wetland-pdfs/MVN-2011-01928-WPP/2012-05-23/ HTTP/1.1
01/Jan/2013:14:42:58 -0500,GET /.git/objects/c1/eec245f70931457c4d6bffd640b8e5c5cefa1f HTTP/1.1
01/Jan/2013:14:47:21 -0500,GET /?C=M;O=A HTTP/1.1
01/Jan/2013:14:58:58 -0500,GET /.git/objects/be/?C=M;O=D HTTP/1.1
01/Jan/2013:15:05:23 -0500,GET /robots.txt HTTP/1.1
01/Jan/2013:15:05:23 -0500,GET /sitebuilder/images/digital_art.html-1.png HTTP/1.1
01/Jan/2013:15:07:04 -0500,GET /hover.pdf HTTP/1.1
01/Jan/2013:15:07:26 -0500,GET /wetlands.csv.txt HTTP/1.1
01/Jan/2013:15:12:43 -0500,GET /Tadpoles.html HTTP/1.1
01/Jan/2013:15:19:25 -0500,GET /backbone.queryparams.js HTTP/1.1
01/Jan/2013:15:28:35 -0500,GET /.git/objects/bb/?C=M;O=A HTTP/1.1
01/Jan/2013:15:34:15 -0500,GET / HTTP/1.1
01/Jan/2013:15:34:18 -0500,GET / HTTP/1.1
01/Jan/2013:15:37:05 -0500,GET /ignite/ HTTP/1.1
01/Jan/2013:15:42:06 -0500,GET /.git/objects/b9/c45c2d782f62295f284fc5c1955cd7aedafe19 HTTP/1.1
01/Jan/2013:15:47:26 -0500,GET /ignite/themes/transition/horizontal-slide.css HTTP/1.1
01/Jan/2013:15:47:27 -0500,GET /ignite/modernizr.custom.js HTTP/1.1
01/Jan/2013:15:47:28 -0500,GET /ignite/jquery-1.7.2.min.js HTTP/1.1
01/Jan/2013:15:47:28 -0500,GET /ignite/extensions/status/deck.status.js HTTP/1.1
01/Jan/2013:15:47:28 -0500,GET /ignite/core/deck.core.css HTTP/1.1
01/Jan/2013:15:47:29 -0500,GET /ignite/extensions/status/deck.status.css HTTP/1.1
01/Jan/2013:15:47:29 -0500,GET /ignite/themes/style/swiss.css HTTP/1.1
01/Jan/2013:15:47:30 -0500,GET /ignite/core/deck.core.js HTTP/1.1
01/Jan/2013:15:47:30 -0500,GET /ignite/extensions/menu/deck.menu.js HTTP/1.1
01/Jan/2013:15:47:31 -0500,GET /ignite/extensions/hash/deck.hash.css HTTP/1.1
01/Jan/2013:15:47:31 -0500,GET /ignite/extensions/scale/deck.scale.js HTTP/1.1
01/Jan/2013:15:47:32 -0500,GET /ignite/extensions/menu/deck.menu.css HTTP/1.1
01/Jan/2013:15:47:32 -0500,GET /ignite/extensions/goto/deck.goto.css HTTP/1.1
01/Jan/2013:15:47:33 -0500,GET /ignite/extensions/goto/deck.goto.js HTTP/1.1
01/Jan/2013:15:47:33 -0500,GET /ignite/extensions/hash/deck.hash.js HTTP/1.1
01/Jan/2013:15:47:33 -0500,GET /ignite/extensions/navigation/deck.navigation.js HTTP/1.1
01/Jan/2013:15:47:34 -0500,GET /ignite/extensions/scale/deck.scale.css HTTP/1.1
01/Jan/2013:15:47:34 -0500,GET /ignite/extensions/navigation/deck.navigation.css HTTP/1.1
01/Jan/2013:15:57:50 -0500,GET /.git/objects/b5/5208f0a67688447aaa979df8208af9edb106c5 HTTP/1.1
01/Jan/2013:16:11:41 -0500,GET /.git/objects/b3/?C=D;O=D HTTP/1.1
01/Jan/2013:16:18:15 -0500,GET / HTTP/1.1
01/Jan/2013:16:19:40 -0500,GET / HTTP/1.1
01/Jan/2013:16:24:15 -0500,GET /.git/objects/98/?C=M;O=A HTTP/1.1
01/Jan/2013:16:39:04 -0500,GET /.git/objects/b1/?C=D;O=A HTTP/1.1
01/Jan/2013:16:45:05 -0500,GET /.git/objects/10/?C=D;O=A HTTP/1.1
01/Jan/2013:16:55:16 -0500,GET /robots.txt HTTP/1.1
01/Jan/2013:16:55:16 -0500,GET /robots.txt HTTP/1.1
01/Jan/2013:16:59:33 -0500,GET /.git/objects/b0/?C=N;O=A HTTP/1.1
01/Jan/2013:17:15:42 -0500,GET /.git/objects/ae/?C=S;O=A HTTP/1.1
01/Jan/2013:17:28:12 -0500,GET /.git/objects/a5/3de44f718d4717192c9a4cdd1f58b942169494 HTTP/1.1
01/Jan/2013:17:43:05 -0500,GET /.git/objects/a3/4bff4077711e8caf7b74ee917e01aa2f9d2181 HTTP/1.1
01/Jan/2013:17:56:14 -0500,GET /.git/objects/a1/?C=N;O=A HTTP/1.1
01/Jan/2013:18:11:53 -0500,GET /.git/objects/db/?C=D;O=A HTTP/1.1
01/Jan/2013:18:18:04 -0500,GET / HTTP/1.1
01/Jan/2013:18:19:31 -0500,GET / HTTP/1.1
01/Jan/2013:18:25:13 -0500,GET /.git/objects/91/d85fa692a76b34bb1620c04ea899054c381456 HTTP/1.1
01/Jan/2013:18:41:47 -0500,GET /.git/objects/91/1885437db607da687b34c6a5f3020a3e5aa99f HTTP/1.1
01/Jan/2013:18:43:35 -0500,GET /?C=D;O=A HTTP/1.1
01/Jan/2013:18:47:01 -0500,GET /.git/objects/8f/?C=S;O=A HTTP/1.1
01/Jan/2013:18:55:17 -0500,GET /backbone-min.js HTTP/1.1
01/Jan/2013:19:01:35 -0500,GET /.git/objects/8f/?C=M;O=D HTTP/1.1
01/Jan/2013:19:15:36 -0500,GET /esniper-2.27.0-0.src.tar.gz HTTP/1.1
01/Jan/2013:19:18:22 -0500,GET /.git/objects/88/?C=D;O=D HTTP/1.1
01/Jan/2013:19:22:40 -0500,GET /robots.txt HTTP/1.1
01/Jan/2013:19:25:23 -0500,GET / HTTP/1.1
01/Jan/2013:19:26:26 -0500,GET / HTTP/1.1
01/Jan/2013:19:29:43 -0500,GET /.git/objects/86/?C=S;O=A HTTP/1.1
01/Jan/2013:19:33:26 -0500,GET /sitebuilder/images/index.html-8.png HTTP/1.1
01/Jan/2013:19:33:27 -0500,GET /sitebuilder/images/index.html-9.png HTTP/1.1
01/Jan/2013:19:33:34 -0500,GET /sitebuilder/images/raku_planter_copper_abstract-340x357.jpg HTTP/1.1
01/Jan/2013:19:35:20 -0500,GET /images/Adi_Cohen.jpg HTTP/1.1
01/Jan/2013:19:47:46 -0500,GET /.git/objects/ac/?C=M;O=A HTTP/1.1
01/Jan/2013:19:59:46 -0500,GET /.git/objects/86/77aa262789c3dc3d8c9691de07121a70b57cee HTTP/1.1
01/Jan/2013:20:13:24 -0500,GET /.git/objects/66/?C=M;O=A HTTP/1.1
01/Jan/2013:20:18:00 -0500,GET / HTTP/1.1
01/Jan/2013:20:19:25 -0500,GET / HTTP/1.1
01/Jan/2013:20:29:58 -0500,GET /.git/objects/69/?C=N;O=A HTTP/1.1
01/Jan/2013:20:44:04 -0500,GET /.git/objects/60/?C=M;O=D HTTP/1.1
01/Jan/2013:20:50:40 -0500,GET /.git/objects/4f/59f7eab112e3b6ba811228a3d69ecc29115976 HTTP/1.1
01/Jan/2013:21:03:45 -0500,GET /.git/objects/96/?C=D;O=D HTTP/1.1
01/Jan/2013:21:13:59 -0500,GET /robots.txt HTTP/1.1
01/Jan/2013:21:13:59 -0500,GET /wetlands/wetland-pdfs/MVN%201997-4474%20CO/ HTTP/1.1
01/Jan/2013:21:17:51 -0500,GET /.git/objects/48/571d2d218e59c89770572f5e623ea1477dff4c HTTP/1.1
01/Jan/2013:21:30:29 -0500,GET /words-that-work-in-ls.txt HTTP/1.1
01/Jan/2013:21:32:19 -0500,GET /.git/objects/3e/f3afda0bd75af7a52c1cf69e22126d8b5e7609 HTTP/1.1
01/Jan/2013:21:33:32 -0500,GET /words-that-work-in-ls.txt HTTP/1.0
01/Jan/2013:21:40:23 -0500,GET /robots.txt HTTP/1.1
01/Jan/2013:21:40:23 -0500,GET /sitebuilder/images/CloseupGraffiti1_copy-634x887.jpg HTTP/1.1
01/Jan/2013:21:47:30 -0500,GET /.git/objects/3b/41c4975d9b382b47d16a24d0c9b191c60e1ac3 HTTP/1.1
01/Jan/2013:22:01:42 -0500,GET /.git/objects/33/f0d64e81e39b2e6812377a6114e67eafad9f3f HTTP/1.1
01/Jan/2013:22:17:58 -0500,GET /.git/objects/21/?C=M;O=D HTTP/1.1
01/Jan/2013:22:17:58 -0500,GET / HTTP/1.1
01/Jan/2013:22:19:22 -0500,GET / HTTP/1.1
01/Jan/2013:22:30:46 -0500,GET /.git/objects/16/?C=N;O=A HTTP/1.1
01/Jan/2013:22:40:42 -0500,GET /jquery.min.js HTTP/1.1
01/Jan/2013:22:46:33 -0500,GET /.git/objects/4b/ HTTP/1.1
01/Jan/2013:22:51:08 -0500,GET /.git/objects/15/110bdc626a960cf3251a8c46b76ca7858bff47 HTTP/1.1
01/Jan/2013:23:07:57 -0500,GET /.git/objects/09/?C=S;O=D HTTP/1.1
01/Jan/2013:23:18:07 -0500,GET /risley_toilets.pdf HTTP/1.1
01/Jan/2013:23:20:58 -0500,GET /.git/objects/01/839191d048cd2b24a4a9860d0779c22154ebcf HTTP/1.1
01/Jan/2013:23:37:00 -0500,GET /.git/hooks/?C=S;O=A HTTP/1.1
01/Jan/2013:23:48:48 -0500,GET /.git/?C=N;O=A HTTP/1.1
01/Jan/2013:23:51:19 -0500,GET /robots.txt HTTP/1.1
02/Jan/2013:00:05:07 -0500,GET /.git/objects/14/?C=S;O=A HTTP/1.1
02/Jan/2013:00:17:57 -0500,GET / HTTP/1.1
02/Jan/2013:00:19:19 -0500,GET / HTTP/1.1
02/Jan/2013:00:19:35 -0500,GET /.git/?C=D;O=D HTTP/1.1
02/Jan/2013:00:31:04 -0500,GET /.git/objects/38/?C=S;O=A HTTP/1.1
02/Jan/2013:01:02:31 -0500,GET /digital_art.html HTTP/1.1
02/Jan/2013:01:06:01 -0500,GET /.git/objects/fd/?C=D;O=D HTTP/1.1
02/Jan/2013:01:09:31 -0500,GET /.git/objects/df/d33829e65d4e7b8999b8b9798d34f4a5324f66 HTTP/1.1
02/Jan/2013:01:26:33 -0500,GET /.git/objects/dd/?C=M;O=D HTTP/1.1
02/Jan/2013:01:33:23 -0500,GET / HTTP/1.1
02/Jan/2013:01:33:24 -0500,GET /sitebuilder/images/index.html-7.png HTTP/1.1
02/Jan/2013:01:33:24 -0500,GET /sitebuilder/images/index.html-6.png HTTP/1.1
02/Jan/2013:01:33:24 -0500,GET /sitebuilder/images/index.html-5.png HTTP/1.1
02/Jan/2013:01:33:24 -0500,GET /sitebuilder/images/index.html-4.png HTTP/1.1
02/Jan/2013:01:33:24 -0500,GET /sitebuilder/images/index.html-2.png HTTP/1.1
02/Jan/2013:01:33:24 -0500,GET /sitebuilder/images/index.html-0.png HTTP/1.1
02/Jan/2013:01:33:24 -0500,GET /sitebuilder/images/index.html-1.png HTTP/1.1
02/Jan/2013:01:33:24 -0500,GET /sitebuilder/images/index.html-8.png HTTP/1.1
02/Jan/2013:01:33:24 -0500,GET /sitebuilder/images/index.html-9.png HTTP/1.1
02/Jan/2013:01:33:24 -0500,GET /sitebuilder/images/digital_art_111219_copy_web-635x498.jpg HTTP/1.1
02/Jan/2013:01:33:25 -0500,GET /favicon.ico HTTP/1.1
02/Jan/2013:01:33:43 -0500,OPTIONS * HTTP/1.0
02/Jan/2013:01:39:14 -0500,GET /.git/objects/dd/5060b0fec735a391e5828c66bcd6d5acada011 HTTP/1.1
02/Jan/2013:01:45:34 -0500,GET / HTTP/1.1
02/Jan/2013:01:47:59 -0500,GET /robots.txt HTTP/1.1
02/Jan/2013:01:47:59 -0500,GET /images/CloseupGraffiti1_copy.jpg HTTP/1.1
02/Jan/2013:02:02:20 -0500,GET /.git/objects/d9/?C=S;O=A HTTP/1.1
02/Jan/2013:02:17:13 -0500,GET /.git/objects/ce/?C=S;O=D HTTP/1.1
02/Jan/2013:02:18:01 -0500,GET / HTTP/1.1
02/Jan/2013:02:19:25 -0500,GET / HTTP/1.1
02/Jan/2013:02:25:06 -0500,GET /.git/objects/c5/?C=D;O=D HTTP/1.1
02/Jan/2013:02:39:00 -0500,GET /.git/objects/be/b3b3841e5fe5f9051981487ecb81f999c59797 HTTP/1.1
02/Jan/2013:02:53:52 -0500,GET /.git/objects/be/232672006bf5267df71e5cea269251d9c4bfd4 HTTP/1.1
02/Jan/2013:02:58:40 -0500,GET /.git/objects/bd/6c23b6cc8b4b1e9559cfa928ff56d912e8f5f9 HTTP/1.1
02/Jan/2013:03:07:49 -0500,GET /robots.txt HTTP/1.1
02/Jan/2013:03:07:51 -0500,GET /pottery_planter_starman.html HTTP/1.1
02/Jan/2013:03:07:53 -0500,GET /Self_Reflection_Exhibit.html HTTP/1.1
02/Jan/2013:03:15:14 -0500,GET /Pottery1.html HTTP/1.1
02/Jan/2013:03:28:42 -0500,GET /.git/objects/bb/?C=N;O=D HTTP/1.1
02/Jan/2013:03:36:10 -0500,GET / HTTP/1.1
02/Jan/2013:03:43:48 -0500,GET /.git/objects/68/?C=D;O=D HTTP/1.1
02/Jan/2013:03:49:08 -0500,GET /.git/objects/b6/4c66d001ee022e41138b888178628e354bb521 HTTP/1.1
02/Jan/2013:04:03:11 -0500,GET /.git/objects/ae/?C=M;O=A HTTP/1.1
02/Jan/2013:04:06:22 -0500,GET /robots.txt HTTP/1.1
02/Jan/2013:04:18:26 -0500,GET / HTTP/1.1
02/Jan/2013:04:19:00 -0500,GET /.git/objects/ac/6c82ecd2f5a41e92a148b97de39d1d94a6cf3a HTTP/1.1
02/Jan/2013:04:19:51 -0500,GET / HTTP/1.1
02/Jan/2013:04:25:51 -0500,GET /Predator_prey.html HTTP/1.1
02/Jan/2013:04:39:46 -0500,GET /.git/objects/aa/?C=S;O=D HTTP/1.1
02/Jan/2013:04:47:20 -0500,GET /backbone-min.js HTTP/1.1
02/Jan/2013:04:50:31 -0500,GET / HTTP/1.1
02/Jan/2013:04:50:31 -0500,GET /icons/blank.gif HTTP/1.1
02/Jan/2013:04:50:31 -0500,GET /icons/layout.gif HTTP/1.1
02/Jan/2013:04:50:31 -0500,GET /icons/folder.gif HTTP/1.1
02/Jan/2013:04:50:31 -0500,GET /icons/unknown.gif HTTP/1.1
02/Jan/2013:04:50:31 -0500,GET /icons/image2.gif HTTP/1.1
02/Jan/2013:04:50:31 -0500,GET /icons/text.gif HTTP/1.1
02/Jan/2013:04:50:32 -0500,GET /icons/compressed.gif HTTP/1.1
02/Jan/2013:04:50:32 -0500,GET /favicon.ico HTTP/1.1
02/Jan/2013:04:50:32 -0500,GET /favicon.ico HTTP/1.1
02/Jan/2013:04:50:48 -0500,OPTIONS * HTTP/1.0
02/Jan/2013:04:54:06 -0500,GET /.git/objects/a0/0101f83d8a0d0a940499c29509c7c6fcaddfff HTTP/1.1
02/Jan/2013:04:56:17 -0500,GET /robots.txt HTTP/1.1
02/Jan/2013:04:58:00 -0500,GET /Abandoned_exploration_photos.html HTTP/1.1
02/Jan/2013:05:03:00 -0500,GET /.git/objects/8b/?C=M;O=A HTTP/1.1
02/Jan/2013:05:14:10 -0500,GET /.git/objects/82/?C=S;O=A HTTP/1.1
02/Jan/2013:05:26:54 -0500,GET /favicon.ico HTTP/1.1
02/Jan/2013:05:27:00 -0500,GET /favicon.ico HTTP/1.1
02/Jan/2013:05:28:22 -0500,GET /.git/objects/7f/3713245ade8262ac98db90c11c8e4bbce0d174 HTTP/1.1
02/Jan/2013:05:38:50 -0500,GET /.git/objects/6f/?C=D;O=D HTTP/1.1
02/Jan/2013:05:48:50 -0500,POST /wp-login.php HTTP/1.0
02/Jan/2013:05:48:50 -0500,POST /wp-login.php HTTP/1.0
02/Jan/2013:05:52:19 -0500,GET /.git/objects/d5/?C=S;O=A HTTP/1.1
02/Jan/2013:06:04:43 -0500,GET /.git/objects/6d/?C=N;O=A HTTP/1.1
02/Jan/2013:06:17:47 -0500,GET / HTTP/1.1
02/Jan/2013:06:19:10 -0500,GET / HTTP/1.1
02/Jan/2013:06:19:53 -0500,GET /.git/objects/67/?C=D;O=D HTTP/1.1
02/Jan/2013:06:26:16 -0500,GET /.git/objects/49/?C=S;O=A HTTP/1.1
02/Jan/2013:06:40:11 -0500,GET /.git/objects/52/?C=M;O=A HTTP/1.1
02/Jan/2013:06:57:25 -0500,GET /.git/objects/46/?C=N;O=A HTTP/1.1
02/Jan/2013:07:01:27 -0500,GET /.git/objects/ HTTP/1.1
02/Jan/2013:07:15:13 -0500,GET /2012-09-29T17:32:34-0400.png HTTP/1.1
02/Jan/2013:07:17:26 -0500,GET /.git/objects/44/d32541a5500b9e29e2e0ebddb124e1161b5c2e HTTP/1.1
02/Jan/2013:07:31:40 -0500,GET /.git/objects/3e/fe4c0ccfb0e8a955172a913c0de6080aa8d457 HTTP/1.1
02/Jan/2013:07:39:08 -0500,GET /.git/objects/3d/97fd7a804fef674508d07f0cd143bdc18f7670 HTTP/1.1
02/Jan/2013:07:45:11 -0500,GET /?C=S;O=A HTTP/1.1
02/Jan/2013:07:49:49 -0500,GET /parish.pdf HTTP/1.1
02/Jan/2013:07:52:38 -0500,GET /.git/objects/3b/46e3ed686291c18c6838f6cc4dfbcc2196c3af HTTP/1.1
02/Jan/2013:08:07:32 -0500,GET /.git/objects/39/50b44d51c3c50ad71bb1baa3cbc2c3373b2fc7 HTTP/1.1
02/Jan/2013:08:17:57 -0500,GET / HTTP/1.1
02/Jan/2013:08:19:24 -0500,GET / HTTP/1.1
02/Jan/2013:08:23:53 -0500,GET /.git/objects/2f/511edae199caf3e97c525b25ef8d809e64353f HTTP/1.1
02/Jan/2013:08:30:48 -0500,GET /.git/objects/5b/?C=N;O=D HTTP/1.1
02/Jan/2013:08:45:10 -0500,GET /.git/objects/26/?C=S;O=D HTTP/1.1
02/Jan/2013:08:58:16 -0500,GET /.git/objects/26/?C=D;O=D HTTP/1.1
02/Jan/2013:09:05:13 -0500,GET /.git/objects/26/87ed06160081c1ddb0a0bcf9bc1ac1924cfbc4 HTTP/1.1
02/Jan/2013:09:18:21 -0500,GET /IMG_7397.JPG HTTP/1.1
02/Jan/2013:09:18:21 -0500,GET /favicon.ico HTTP/1.1
02/Jan/2013:09:18:25 -0500,GET / HTTP/1.1
02/Jan/2013:09:18:25 -0500,GET /icons/blank.gif HTTP/1.1
02/Jan/2013:09:18:25 -0500,GET /icons/unknown.gif HTTP/1.1
02/Jan/2013:09:18:25 -0500,GET /icons/image2.gif HTTP/1.1
02/Jan/2013:09:18:25 -0500,GET /icons/layout.gif HTTP/1.1
02/Jan/2013:09:18:25 -0500,GET /icons/text.gif HTTP/1.1
02/Jan/2013:09:18:25 -0500,GET /icons/compressed.gif HTTP/1.1
02/Jan/2013:09:18:25 -0500,GET /icons/folder.gif HTTP/1.1
02/Jan/2013:09:18:25 -0500,GET /favicon.ico HTTP/1.1
02/Jan/2013:09:18:42 -0500,OPTIONS * HTTP/1.0
02/Jan/2013:09:20:36 -0500,GET /.git/objects/24/19c59c434b090b3d48ae6df26ac11753418a05 HTTP/1.1
02/Jan/2013:09:35:01 -0500,GET /robots.txt HTTP/1.1
02/Jan/2013:09:35:01 -0500,GET /wetlands/wetland-pdfs/MVN%202004-02328%20CM/ HTTP/1.1
02/Jan/2013:09:35:04 -0500,GET /.git/objects/1f/eae9e84aa47d7e04f36abb0c3ccde46486df0e HTTP/1.1
02/Jan/2013:09:39:48 -0500,GET /.git/objects/29/?C=N;O=A HTTP/1.1
02/Jan/2013:09:56:57 -0500,GET /.git/objects/55/?C=M;O=A HTTP/1.1
02/Jan/2013:10:10:16 -0500,GET /.git/objects/1e/?C=D;O=D HTTP/1.1
02/Jan/2013:10:17:37 -0500,GET / HTTP/1.1
02/Jan/2013:10:18:07 -0500,GET /.git/objects/1c/dbe2eeacebecd74f66ccc16cfb825a439d0f38 HTTP/1.1
02/Jan/2013:10:19:00 -0500,GET / HTTP/1.1
02/Jan/2013:10:30:43 -0500,GET /jquery.min.js HTTP/1.1
02/Jan/2013:10:32:47 -0500,GET /.git/objects/1c/2d45ac955e400671ce20a10db83d1c181b16a9 HTTP/1.1
02/Jan/2013:10:44:56 -0500,GET /wetlands/?C=D;O=D HTTP/1.1
02/Jan/2013:10:46:09 -0500,GET /.git/objects/1c/040150a0ea496403a756c9af10475ee50cdad1 HTTP/1.1
02/Jan/2013:10:58:34 -0500,GET /.git/objects/1a/4bb5d86204f52d053c32132fffe2056c450c4c HTTP/1.1
02/Jan/2013:11:05:27 -0500,GET /.git/objects/48/?C=M;O=A HTTP/1.1
02/Jan/2013:11:19:11 -0500,GET /backbone.queryparams.js HTTP/1.1
02/Jan/2013:11:22:06 -0500,GET /.git/objects/12/a3fa6259088d4eced51d0ff693a7bf86801a20 HTTP/1.1
02/Jan/2013:11:36:05 -0500,GET /.git/objects/11/?C=D;O=A HTTP/1.1
02/Jan/2013:11:37:47 -0500,GET //agent/project_auth_entries.txt HTTP/1.1
02/Jan/2013:11:37:48 -0500,GET //admin/project_auth_entries.txt HTTP/1.1
02/Jan/2013:11:37:48 -0500,GET //admin/vicidial_auth_entries.txt HTTP/1.1
02/Jan/2013:11:37:48 -0500,GET //goautodial-agent/vicidial_auth_entries.txt HTTP/1.1
02/Jan/2013:11:37:48 -0500,GET //vicidial_auth_entries.txt HTTP/1.1
02/Jan/2013:11:37:49 -0500,GET //project_auth_entries.txt HTTP/1.1
02/Jan/2013:11:37:49 -0500,GET //vicidial/project_auth_entries.txt HTTP/1.1
02/Jan/2013:11:37:49 -0500,GET //vicidial/vicidial_auth_entries.txt HTTP/1.1
02/Jan/2013:11:37:49 -0500,GET //vicidial_auth_entries.txt HTTP/1.1
02/Jan/2013:11:37:50 -0500,GET / HTTP/1.1
02/Jan/2013:11:37:50 -0500,OPTIONS * HTTP/1.0
02/Jan/2013:11:40:58 -0500,GET /threshold.png HTTP/1.1
02/Jan/2013:11:42:32 -0500,GET /.git/objects/03/1ea30d3c88d18c51a70275e68b1412af9bca2d HTTP/1.1
02/Jan/2013:11:58:51 -0500,GET /.git/hooks/update.sample HTTP/1.1
02/Jan/2013:12:11:37 -0500,GET /.git/hooks/prepare-commit-msg.sample HTTP/1.1
02/Jan/2013:12:18:03 -0500,GET / HTTP/1.1
02/Jan/2013:12:18:58 -0500,GET /.git/objects/38/ HTTP/1.1
02/Jan/2013:12:19:28 -0500,GET / HTTP/1.1
02/Jan/2013:12:32:17 -0500,GET /.git/hooks/?C=M;O=A HTTP/1.1
02/Jan/2013:12:39:50 -0500,GET /robots.txt HTTP/1.1
02/Jan/2013:12:41:20 -0500,GET /words-that-work-in-ls.txt HTTP/1.1
02/Jan/2013:12:45:49 -0500,GET /.git/objects/25/?C=N;O=A HTTP/1.1
02/Jan/2013:12:49:20 -0500,GET / HTTP/1.1
02/Jan/2013:12:50:18 -0500,GET /robots.txt HTTP/1.1
02/Jan/2013:12:50:19 -0500,GET / HTTP/1.1
02/Jan/2013:12:50:20 -0500,GET / HTTP/1.1
02/Jan/2013:12:52:51 -0500,GET /.git/objects/be/?C=M;O=D HTTP/1.1
02/Jan/2013:12:53:02 -0500,GET /wetlands/wetland-pdfs/MVN%202012-0123-EPP/2012-05-23/RAMS%20DR.pdf HTTP/1.1
02/Jan/2013:12:56:35 -0500,GET /.git/objects/6a/3026158132aeec8fad61e12e8c5f1399675558 HTTP/1.1
02/Jan/2013:13:07:47 -0500,GET /.git/objects/66/?C=M;O=A HTTP/1.1
02/Jan/2013:13:25:33 -0500,GET /.git/objects/5f/82fa45ba34a0cec1d81825e1677a18ef857595 HTTP/1.1
02/Jan/2013:13:44:04 -0500,GET /.git/objects/55/46a07873574121e901fe8491db140aab26901a HTTP/1.1
02/Jan/2013:13:58:14 -0500,GET /dwb/GuideStar/Philanthropedia_Data_Dive.xlsx HTTP/1.1
02/Jan/2013:13:59:36 -0500,GET /.git/objects/c1/eec245f70931457c4d6bffd640b8e5c5cefa1f HTTP/1.1
02/Jan/2013:14:08:48 -0500,GET /.git/objects/c7/2d5df282eb0cd07ebf9b89291f3d32814e90c0 HTTP/1.1
02/Jan/2013:14:18:08 -0500,GET / HTTP/1.1
02/Jan/2013:14:19:31 -0500,GET / HTTP/1.1
02/Jan/2013:14:20:42 -0500,GET /.git/objects/c8/562ada65507247b232e86a4637b7120299298d HTTP/1.1
02/Jan/2013:14:33:10 -0500,GET / HTTP/1.1
02/Jan/2013:14:37:36 -0500,GET /.git/objects/c9/978ecfa45bd83a9c49db02a75da3e7b0ad460b HTTP/1.1
02/Jan/2013:14:40:16 -0500,GET /robots.txt HTTP/1.1
02/Jan/2013:14:40:16 -0500,GET /robots.txt HTTP/1.1
02/Jan/2013:14:42:51 -0500,GET /.git/objects/4f/59f7eab112e3b6ba811228a3d69ecc29115976 HTTP/1.1
02/Jan/2013:14:55:04 -0500,GET /backbone-min.js HTTP/1.1
02/Jan/2013:14:59:32 -0500,GET /Tadpoles.html HTTP/1.1
02/Jan/2013:15:09:34 -0500,GET /words-that-work-in-ls.txt HTTP/1.1
02/Jan/2013:15:11:40 -0500,GET /.git/objects/d9/6b04c6292ffefe6db23dbb16499d34dc635379 HTTP/1.1
02/Jan/2013:15:11:53 -0500,GET /wrestling.jpg HTTP/1.1
02/Jan/2013:15:11:54 -0500,GET /favicon.ico HTTP/1.1
02/Jan/2013:15:12:27 -0500,GET / HTTP/1.1
02/Jan/2013:15:12:27 -0500,GET /icons/blank.gif HTTP/1.1
02/Jan/2013:15:12:27 -0500,GET /icons/unknown.gif HTTP/1.1
02/Jan/2013:15:12:27 -0500,GET /icons/image2.gif HTTP/1.1
02/Jan/2013:15:12:27 -0500,GET /icons/layout.gif HTTP/1.1
02/Jan/2013:15:12:27 -0500,GET /icons/folder.gif HTTP/1.1
02/Jan/2013:15:12:27 -0500,GET /icons/text.gif HTTP/1.1
02/Jan/2013:15:12:27 -0500,GET /icons/compressed.gif HTTP/1.1
02/Jan/2013:15:12:28 -0500,GET /favicon.ico HTTP/1.1
02/Jan/2013:15:12:37 -0500,GET /shell-4.png HTTP/1.1
02/Jan/2013:15:12:37 -0500,GET /favicon.ico HTTP/1.1
02/Jan/2013:15:12:42 -0500,GET /favicon.ico HTTP/1.1
02/Jan/2013:15:12:57 -0500,GET /wrestling.jpg HTTP/1.1
02/Jan/2013:15:12:59 -0500,GET /wrestling.jpg HTTP/1.1
02/Jan/2013:15:12:59 -0500,GET /wrestling.jpg HTTP/1.1
02/Jan/2013:15:13:10 -0500,OPTIONS * HTTP/1.0
02/Jan/2013:15:13:14 -0500,GET /wrestling.jpg HTTP/1.1
02/Jan/2013:15:13:29 -0500,GET /score-distribution.pdf HTTP/1.1
02/Jan/2013:15:13:35 -0500,GET /favicon.ico HTTP/1.1
02/Jan/2013:15:13:38 -0500,GET /red.pdf HTTP/1.1
02/Jan/2013:15:13:41 -0500,GET /favicon.ico HTTP/1.1
02/Jan/2013:15:15:49 -0500,GET /209uh0oe98au%5bU HTTP/1.1
02/Jan/2013:15:15:50 -0500,GET /favicon.ico HTTP/1.1
02/Jan/2013:15:15:51 -0500,GET /favicon.ico HTTP/1.1
02/Jan/2013:15:15:53 -0500,GET /2012-09-29T17:32:34-0400.png HTTP/1.1
02/Jan/2013:15:15:57 -0500,GET /favicon.ico HTTP/1.1
02/Jan/2013:15:15:57 -0500,GET /favicon.ico HTTP/1.1
02/Jan/2013:15:25:20 -0500,GET /.git/objects/69/?C=N;O=A HTTP/1.1
02/Jan/2013:15:30:29 -0500,GET /wrestling.jpg HTTP/1.1
02/Jan/2013:15:30:30 -0500,GET /favicon.ico HTTP/1.1
02/Jan/2013:15:33:44 -0500,GET /wrestling.jpg HTTP/1.1
02/Jan/2013:15:33:46 -0500,GET /.git/objects/3e/f3afda0bd75af7a52c1cf69e22126d8b5e7609 HTTP/1.1
02/Jan/2013:15:49:04 -0500,GET /.git/objects/db/e6158711fa938378697599d3e7d7723da70635 HTTP/1.1
02/Jan/2013:16:03:10 -0500,GET /.git/objects/dc/27981fdb7bc581c59734e108b8a791b24630dc HTTP/1.1
02/Jan/2013:16:09:02 -0500,GET /.git/objects/10/?C=D;O=A HTTP/1.1
02/Jan/2013:16:18:35 -0500,GET / HTTP/1.1
02/Jan/2013:16:20:01 -0500,GET / HTTP/1.1
02/Jan/2013:16:23:00 -0500,GET /.git/objects/e6/a6a4ea1e72d3fdafce3ca66bcd431e24d7cc75 HTTP/1.1
02/Jan/2013:16:24:46 -0500,GET /wrestling.jpg HTTP/1.1
02/Jan/2013:16:35:53 -0500,GET /robots.txt HTTP/1.1
02/Jan/2013:16:38:36 -0500,GET /.git/objects/2a/842864441aba04dd988b6935488de259aa76fe HTTP/1.1
02/Jan/2013:16:39:01 -0500,GET / HTTP/1.1
02/Jan/2013:16:39:05 -0500,GET /words-that-work-in-ls.txt HTTP/1.1
02/Jan/2013:16:39:12 -0500,GET /convergent-validity-post.png HTTP/1.1
02/Jan/2013:16:39:15 -0500,GET /intherooms-area_codes.txt HTTP/1.1
02/Jan/2013:16:39:18 -0500,GET /score-distribution.pdf HTTP/1.1
02/Jan/2013:16:39:24 -0500,GET /2012-2013_adopted_budget.pdf HTTP/1.1
02/Jan/2013:16:39:56 -0500,GET /convergent-validity-pre.png HTTP/1.1
02/Jan/2013:16:39:59 -0500,GET /risley_toilets.pdf HTTP/1.1
02/Jan/2013:16:40:24 -0500,GET /scarsdale.html HTTP/1.1
02/Jan/2013:16:40:32 -0500,GET /beige.pdf HTTP/1.1
02/Jan/2013:16:40:37 -0500,GET /convergent-validity-change.png HTTP/1.1
02/Jan/2013:16:40:40 -0500,GET /public_notice_date.png HTTP/1.1
02/Jan/2013:16:40:42 -0500,GET /convergent-validity.png HTTP/1.1
02/Jan/2013:16:40:44 -0500,GET /pca-changes.pdf HTTP/1.1
02/Jan/2013:16:40:49 -0500,GET /threshold.png HTTP/1.1
02/Jan/2013:16:40:52 -0500,GET /parish.pdf HTTP/1.1
02/Jan/2013:16:40:56 -0500,GET /2012-09-29T17:32:34-0400.png HTTP/1.1
02/Jan/2013:16:41:03 -0500,GET /pca.pdf HTTP/1.1
02/Jan/2013:16:41:14 -0500,GET /hs.pdf HTTP/1.1
02/Jan/2013:16:41:18 -0500,GET /cor.pdf HTTP/1.1
02/Jan/2013:16:41:25 -0500,GET /backbone-min.js HTTP/1.1
02/Jan/2013:16:41:30 -0500,GET /colors.pdf HTTP/1.1
02/Jan/2013:16:41:35 -0500,GET /pie.matrix.pdf HTTP/1.1
02/Jan/2013:16:41:42 -0500,GET /over.week.pdf HTTP/1.1
02/Jan/2013:16:42:04 -0500,GET /intherooms.db HTTP/1.1
02/Jan/2013:16:42:44 -0500,GET /intherooms.csv HTTP/1.1
02/Jan/2013:16:43:38 -0500,GET /underscore-min.js HTTP/1.1
02/Jan/2013:16:43:42 -0500,GET /hover.pdf HTTP/1.1
02/Jan/2013:16:44:01 -0500,GET /pca-changes.txt HTTP/1.1
02/Jan/2013:16:44:06 -0500,GET /icons/folder.gif HTTP/1.1
02/Jan/2013:16:44:07 -0500,GET /icons/folder.gif HTTP/1.1
02/Jan/2013:16:44:09 -0500,GET /icons/layout.gif HTTP/1.1
02/Jan/2013:16:44:11 -0500,GET /icons/layout.gif HTTP/1.1
02/Jan/2013:16:44:13 -0500,GET /icons/layout.gif HTTP/1.1
02/Jan/2013:16:44:16 -0500,GET /icons/layout.gif HTTP/1.1
02/Jan/2013:16:44:17 -0500,GET /icons/layout.gif HTTP/1.1
02/Jan/2013:16:44:19 -0500,GET /icons/layout.gif HTTP/1.1
02/Jan/2013:16:44:21 -0500,GET /icons/layout.gif HTTP/1.1
02/Jan/2013:16:44:23 -0500,GET /icons/layout.gif HTTP/1.1
02/Jan/2013:16:44:25 -0500,GET /icons/layout.gif HTTP/1.1
02/Jan/2013:16:44:27 -0500,GET /icons/layout.gif HTTP/1.1
02/Jan/2013:16:44:28 -0500,GET /icons/layout.gif HTTP/1.1
02/Jan/2013:16:44:30 -0500,GET /icons/layout.gif HTTP/1.1
02/Jan/2013:16:44:33 -0500,GET /icons/layout.gif HTTP/1.1
02/Jan/2013:16:44:34 -0500,GET /icons/layout.gif HTTP/1.1
02/Jan/2013:16:44:35 -0500,GET /icons/compressed.gif HTTP/1.1
02/Jan/2013:16:44:37 -0500,GET /icons/text.gif HTTP/1.1
02/Jan/2013:16:44:38 -0500,GET /icons/text.gif HTTP/1.1
02/Jan/2013:16:44:40 -0500,GET /icons/text.gif HTTP/1.1
02/Jan/2013:16:44:42 -0500,GET /icons/text.gif HTTP/1.1
02/Jan/2013:16:44:43 -0500,GET /icons/text.gif HTTP/1.1
02/Jan/2013:16:44:45 -0500,GET /icons/text.gif HTTP/1.1
02/Jan/2013:16:44:48 -0500,GET /icons/text.gif HTTP/1.1
02/Jan/2013:16:44:52 -0500,GET /icons/text.gif HTTP/1.1
02/Jan/2013:16:44:54 -0500,GET /icons/image2.gif HTTP/1.1
02/Jan/2013:16:44:57 -0500,GET /icons/image2.gif HTTP/1.1
02/Jan/2013:16:45:00 -0500,GET /icons/image2.gif HTTP/1.1
02/Jan/2013:16:45:02 -0500,GET /icons/image2.gif HTTP/1.1
02/Jan/2013:16:45:04 -0500,GET /icons/image2.gif HTTP/1.1
02/Jan/2013:16:45:06 -0500,GET /icons/image2.gif HTTP/1.1
02/Jan/2013:16:45:08 -0500,GET /icons/image2.gif HTTP/1.1
02/Jan/2013:16:45:11 -0500,GET /icons/image2.gif HTTP/1.1
02/Jan/2013:16:45:13 -0500,GET /icons/image2.gif HTTP/1.1
02/Jan/2013:16:45:15 -0500,GET /icons/image2.gif HTTP/1.1
02/Jan/2013:16:45:17 -0500,GET /icons/image2.gif HTTP/1.1
02/Jan/2013:16:45:20 -0500,GET /icons/image2.gif HTTP/1.1
02/Jan/2013:16:45:22 -0500,GET /icons/image2.gif HTTP/1.1
02/Jan/2013:16:45:24 -0500,GET /icons/image2.gif HTTP/1.1
02/Jan/2013:16:45:26 -0500,GET /icons/image2.gif HTTP/1.1
02/Jan/2013:16:45:27 -0500,GET /icons/image2.gif HTTP/1.1
02/Jan/2013:16:45:29 -0500,GET /icons/blank.gif HTTP/1.1
02/Jan/2013:16:45:31 -0500,GET /icons/unknown.gif HTTP/1.1
02/Jan/2013:16:45:33 -0500,GET /icons/unknown.gif HTTP/1.1
02/Jan/2013:16:45:34 -0500,GET /icons/unknown.gif HTTP/1.1
02/Jan/2013:16:45:37 -0500,GET /icons/unknown.gif HTTP/1.1
02/Jan/2013:16:45:38 -0500,GET /icons/unknown.gif HTTP/1.1
02/Jan/2013:16:45:40 -0500,GET /icons/unknown.gif HTTP/1.1
02/Jan/2013:16:45:42 -0500,GET /icons/unknown.gif HTTP/1.1
02/Jan/2013:16:45:44 -0500,GET /icons/unknown.gif HTTP/1.1
02/Jan/2013:16:45:46 -0500,GET /icons/unknown.gif HTTP/1.1
02/Jan/2013:16:45:49 -0500,GET /icons/unknown.gif HTTP/1.1
02/Jan/2013:16:45:51 -0500,GET /icons/unknown.gif HTTP/1.1
02/Jan/2013:16:45:54 -0500,GET /backbone-min.js HTTP/1.1
02/Jan/2013:16:45:59 -0500,GET /underscore-min.js HTTP/1.1
02/Jan/2013:16:46:03 -0500,GET /backbone.queryparams.js HTTP/1.1
02/Jan/2013:16:46:07 -0500,GET /jquery.min.js HTTP/1.1
02/Jan/2013:16:46:14 -0500,GET /pca-varimax.txt HTTP/1.1
02/Jan/2013:16:46:18 -0500,GET /overflow.csv HTTP/1.1
02/Jan/2013:16:46:24 -0500,GET /backbone.queryparams.js HTTP/1.1
02/Jan/2013:16:46:28 -0500,GET /shell-4.png HTTP/1.1
02/Jan/2013:16:46:31 -0500,GET /wrestling.jpg HTTP/1.1
02/Jan/2013:16:46:35 -0500,GET /red.pdf HTTP/1.1
02/Jan/2013:16:46:38 -0500,GET /.git/objects/27/6067a365e7bb5f17f931c576ca14cb898527e3 HTTP/1.1
02/Jan/2013:16:46:40 -0500,GET /wetlands/ HTTP/1.1
02/Jan/2013:16:46:45 -0500,GET /icons/folder.gif HTTP/1.1
02/Jan/2013:16:46:47 -0500,GET /icons/text.gif HTTP/1.1
02/Jan/2013:16:46:49 -0500,GET /icons/back.gif HTTP/1.1
02/Jan/2013:16:46:51 -0500,GET /icons/blank.gif HTTP/1.1
02/Jan/2013:16:46:53 -0500,GET /parish.png HTTP/1.1
02/Jan/2013:16:47:08 -0500,GET /wrestling.jpg HTTP/1.1
02/Jan/2013:16:46:55 -0500,GET /strataeu-2012.tar.gz HTTP/1.1
02/Jan/2013:16:49:30 -0500,GET /?C=M;O=A HTTP/1.1
02/Jan/2013:16:49:35 -0500,GET /?C=D;O=A HTTP/1.1
02/Jan/2013:16:49:38 -0500,GET /?C=S;O=A HTTP/1.1
02/Jan/2013:16:49:43 -0500,GET /?C=N;O=D HTTP/1.1
02/Jan/2013:16:49:47 -0500,GET /209uh0oe98au%5bU HTTP/1.1
02/Jan/2013:16:49:51 -0500,GET /sorted.png HTTP/1.1
02/Jan/2013:16:49:52 -0500,GET /merry.js HTTP/1.1
02/Jan/2013:16:49:56 -0500,GET /project_manager.png HTTP/1.1
02/Jan/2013:16:49:59 -0500,GET /pie.matrix.png HTTP/1.1
02/Jan/2013:16:50:02 -0500,GET /original.png HTTP/1.1
02/Jan/2013:16:50:05 -0500,GET /intherooms.json HTTP/1.1
02/Jan/2013:16:51:05 -0500,GET /test HTTP/1.1
02/Jan/2013:16:51:09 -0500,GET /foo.png HTTP/1.1
02/Jan/2013:16:51:11 -0500,GET /merry.json HTTP/1.1
02/Jan/2013:16:51:17 -0500,GET /pri.csv HTTP/1.1
02/Jan/2013:16:51:36 -0500,GET /?C=N;O=A HTTP/1.1
02/Jan/2013:16:51:39 -0500,GET /R.log HTTP/1.1
02/Jan/2013:16:51:44 -0500,GET /ignite/ HTTP/1.1
02/Jan/2013:16:51:48 -0500,GET /ignite/images/highlighted-public-notice.png HTTP/1.1
02/Jan/2013:16:52:14 -0500,GET /ignite/extensions/goto/deck.goto.css HTTP/1.1
02/Jan/2013:16:52:18 -0500,GET /ignite/extensions/goto/deck.goto.js HTTP/1.1
02/Jan/2013:16:52:23 -0500,GET /ignite/extensions/hash/deck.hash.css HTTP/1.1
02/Jan/2013:16:52:27 -0500,GET /ignite/extensions/hash/deck.hash.js HTTP/1.1
02/Jan/2013:16:52:32 -0500,GET /ignite/extensions/scale/deck.scale.js HTTP/1.1
02/Jan/2013:16:52:37 -0500,GET /ignite/images/public_notice_date.png HTTP/1.1
02/Jan/2013:16:52:39 -0500,GET /ignite/extensions/menu/deck.menu.js HTTP/1.1
02/Jan/2013:16:52:43 -0500,GET /ignite/extensions/scale/deck.scale.css HTTP/1.1
02/Jan/2013:16:52:47 -0500,GET /ignite/extensions/menu/deck.menu.css HTTP/1.1
02/Jan/2013:16:52:50 -0500,GET /ignite/images/public-notice.png HTTP/1.1
02/Jan/2013:16:52:54 -0500,GET /ignite/themes/transition/horizontal-slide.css HTTP/1.1
02/Jan/2013:16:52:59 -0500,GET /ignite/extensions/status/deck.status.css HTTP/1.1
02/Jan/2013:16:53:03 -0500,GET /ignite/modernizr.custom.js HTTP/1.1
02/Jan/2013:16:53:09 -0500,GET /ignite/core/deck.core.css HTTP/1.1
02/Jan/2013:16:53:13 -0500,GET /ignite/core/deck.core.js HTTP/1.1
02/Jan/2013:16:53:17 -0500,GET /ignite/core/deck.core.js HTTP/1.1
02/Jan/2013:16:53:21 -0500,GET /csv.svg HTTP/1.1
02/Jan/2013:16:53:30 -0500,GET /jquery.min.js HTTP/1.1
02/Jan/2013:16:53:38 -0500,GET /td.assessed-total-value HTTP/1.1
02/Jan/2013:16:53:47 -0500,GET /a HTTP/1.1
02/Jan/2013:16:53:52 -0500,GET /wetlands/wetland-pdfs/ HTTP/1.1
02/Jan/2013:16:53:56 -0500,GET /wetlands/wetlands.csv HTTP/1.1
02/Jan/2013:16:54:19 -0500,GET /wetlands/?C=M;O=A HTTP/1.1
02/Jan/2013:16:54:24 -0500,GET /wetlands/?C=S;O=A HTTP/1.1
02/Jan/2013:16:54:28 -0500,GET /wetlands/?C=N;O=D HTTP/1.1
02/Jan/2013:16:54:33 -0500,GET /wetlands/?C=D;O=A HTTP/1.1
02/Jan/2013:16:54:38 -0500,GET /icons/folder.gif HTTP/1.1
02/Jan/2013:16:54:41 -0500,GET /icons/folder.gif HTTP/1.1
02/Jan/2013:16:54:43 -0500,GET /icons/layout.gif HTTP/1.1
02/Jan/2013:16:54:45 -0500,GET /icons/layout.gif HTTP/1.1
02/Jan/2013:16:54:48 -0500,GET /icons/layout.gif HTTP/1.1
02/Jan/2013:16:54:50 -0500,GET /icons/layout.gif HTTP/1.1
02/Jan/2013:16:54:51 -0500,GET /icons/layout.gif HTTP/1.1
02/Jan/2013:16:54:54 -0500,GET /icons/layout.gif HTTP/1.1
02/Jan/2013:16:54:57 -0500,GET /icons/layout.gif HTTP/1.1
02/Jan/2013:16:54:59 -0500,GET /icons/layout.gif HTTP/1.1
02/Jan/2013:16:55:00 -0500,GET /icons/layout.gif HTTP/1.1
02/Jan/2013:16:55:01 -0500,GET /icons/layout.gif HTTP/1.1
02/Jan/2013:16:55:03 -0500,GET /icons/layout.gif HTTP/1.1
02/Jan/2013:16:55:05 -0500,GET /icons/layout.gif HTTP/1.1
02/Jan/2013:16:55:07 -0500,GET /icons/layout.gif HTTP/1.1
02/Jan/2013:16:55:10 -0500,GET /icons/layout.gif HTTP/1.1
02/Jan/2013:16:55:12 -0500,GET /icons/compressed.gif HTTP/1.1
02/Jan/2013:16:55:15 -0500,GET /icons/text.gif HTTP/1.1
02/Jan/2013:16:55:17 -0500,GET /icons/text.gif HTTP/1.1
02/Jan/2013:16:55:18 -0500,GET /icons/text.gif HTTP/1.1
02/Jan/2013:16:55:20 -0500,GET /icons/text.gif HTTP/1.1
02/Jan/2013:16:55:22 -0500,GET /icons/text.gif HTTP/1.1
02/Jan/2013:16:55:24 -0500,GET /icons/text.gif HTTP/1.1
02/Jan/2013:16:55:26 -0500,GET /icons/text.gif HTTP/1.1
02/Jan/2013:16:55:28 -0500,GET /icons/text.gif HTTP/1.1
02/Jan/2013:16:55:30 -0500,GET /icons/image2.gif HTTP/1.1
02/Jan/2013:16:55:32 -0500,GET /icons/image2.gif HTTP/1.1
02/Jan/2013:16:55:34 -0500,GET /icons/image2.gif HTTP/1.1
02/Jan/2013:16:55:36 -0500,GET /icons/image2.gif HTTP/1.1
02/Jan/2013:16:55:38 -0500,GET /icons/image2.gif HTTP/1.1
02/Jan/2013:16:55:41 -0500,GET /icons/image2.gif HTTP/1.1
02/Jan/2013:16:55:44 -0500,GET /icons/image2.gif HTTP/1.1
02/Jan/2013:16:55:46 -0500,GET /icons/image2.gif HTTP/1.1
02/Jan/2013:16:55:49 -0500,GET /icons/image2.gif HTTP/1.1
02/Jan/2013:16:55:51 -0500,GET /icons/image2.gif HTTP/1.1
02/Jan/2013:16:55:53 -0500,GET /icons/image2.gif HTTP/1.1
02/Jan/2013:16:55:55 -0500,GET /icons/image2.gif HTTP/1.1
02/Jan/2013:16:55:57 -0500,GET /icons/image2.gif HTTP/1.1
02/Jan/2013:16:55:59 -0500,GET /icons/image2.gif HTTP/1.1
02/Jan/2013:16:56:02 -0500,GET /icons/image2.gif HTTP/1.1
02/Jan/2013:16:56:04 -0500,GET /icons/image2.gif HTTP/1.1
02/Jan/2013:16:56:05 -0500,GET /icons/blank.gif HTTP/1.1
02/Jan/2013:16:56:06 -0500,GET /icons/unknown.gif HTTP/1.1
02/Jan/2013:16:56:08 -0500,GET /icons/unknown.gif HTTP/1.1
02/Jan/2013:16:56:09 -0500,GET /icons/unknown.gif HTTP/1.1
02/Jan/2013:16:56:11 -0500,GET /icons/unknown.gif HTTP/1.1
02/Jan/2013:16:56:13 -0500,GET /icons/unknown.gif HTTP/1.1
02/Jan/2013:16:56:14 -0500,GET /icons/unknown.gif HTTP/1.1
02/Jan/2013:16:56:16 -0500,GET /icons/unknown.gif HTTP/1.1
02/Jan/2013:16:56:18 -0500,GET /icons/unknown.gif HTTP/1.1
02/Jan/2013:16:56:19 -0500,GET /icons/unknown.gif HTTP/1.1
02/Jan/2013:16:56:21 -0500,GET /icons/unknown.gif HTTP/1.1
02/Jan/2013:16:56:25 -0500,GET /icons/unknown.gif HTTP/1.1
02/Jan/2013:16:56:28 -0500,GET /icons/folder.gif HTTP/1.1
02/Jan/2013:16:56:30 -0500,GET /icons/folder.gif HTTP/1.1
02/Jan/2013:16:56:32 -0500,GET /icons/layout.gif HTTP/1.1
02/Jan/2013:16:56:35 -0500,GET /icons/layout.gif HTTP/1.1
02/Jan/2013:16:56:38 -0500,GET /icons/layout.gif HTTP/1.1
02/Jan/2013:16:56:40 -0500,GET /icons/layout.gif HTTP/1.1
02/Jan/2013:16:56:41 -0500,GET /icons/layout.gif HTTP/1.1
02/Jan/2013:16:56:43 -0500,GET /icons/layout.gif HTTP/1.1
02/Jan/2013:16:56:46 -0500,GET /icons/layout.gif HTTP/1.1
02/Jan/2013:16:56:48 -0500,GET /icons/layout.gif HTTP/1.1
02/Jan/2013:16:56:51 -0500,GET /icons/layout.gif HTTP/1.1
02/Jan/2013:16:56:53 -0500,GET /icons/layout.gif HTTP/1.1
02/Jan/2013:16:56:55 -0500,GET /icons/layout.gif HTTP/1.1
02/Jan/2013:16:56:57 -0500,GET /icons/layout.gif HTTP/1.1
02/Jan/2013:16:57:00 -0500,GET /icons/layout.gif HTTP/1.1
02/Jan/2013:16:57:02 -0500,GET /icons/layout.gif HTTP/1.1
02/Jan/2013:16:57:04 -0500,GET /icons/compressed.gif HTTP/1.1
02/Jan/2013:16:57:06 -0500,GET /icons/text.gif HTTP/1.1
02/Jan/2013:16:57:09 -0500,GET /icons/text.gif HTTP/1.1
02/Jan/2013:16:57:10 -0500,GET /icons/text.gif HTTP/1.1
02/Jan/2013:16:57:13 -0500,GET /icons/text.gif HTTP/1.1
02/Jan/2013:16:57:15 -0500,GET /icons/text.gif HTTP/1.1
02/Jan/2013:16:57:18 -0500,GET /icons/text.gif HTTP/1.1
02/Jan/2013:16:57:20 -0500,GET /icons/text.gif HTTP/1.1
02/Jan/2013:16:57:22 -0500,GET /icons/text.gif HTTP/1.1
02/Jan/2013:16:57:25 -0500,GET /icons/image2.gif HTTP/1.1
02/Jan/2013:16:57:27 -0500,GET /icons/image2.gif HTTP/1.1
02/Jan/2013:16:57:28 -0500,GET /icons/image2.gif HTTP/1.1
02/Jan/2013:16:57:30 -0500,GET /icons/image2.gif HTTP/1.1
02/Jan/2013:16:57:31 -0500,GET /icons/image2.gif HTTP/1.1
02/Jan/2013:16:57:33 -0500,GET /icons/image2.gif HTTP/1.1
02/Jan/2013:16:57:35 -0500,GET /icons/image2.gif HTTP/1.1
02/Jan/2013:16:57:37 -0500,GET /icons/image2.gif HTTP/1.1
02/Jan/2013:16:57:39 -0500,GET /icons/image2.gif HTTP/1.1
02/Jan/2013:16:57:42 -0500,GET /icons/image2.gif HTTP/1.1
02/Jan/2013:16:57:44 -0500,GET /icons/image2.gif HTTP/1.1
02/Jan/2013:16:57:46 -0500,GET /icons/image2.gif HTTP/1.1
02/Jan/2013:16:57:48 -0500,GET /icons/image2.gif HTTP/1.1
02/Jan/2013:16:57:50 -0500,GET /icons/image2.gif HTTP/1.1
02/Jan/2013:16:57:53 -0500,GET /icons/image2.gif HTTP/1.1
02/Jan/2013:16:57:55 -0500,GET /icons/image2.gif HTTP/1.1
02/Jan/2013:16:57:58 -0500,GET /icons/blank.gif HTTP/1.1
02/Jan/2013:16:58:00 -0500,GET /icons/unknown.gif HTTP/1.1
02/Jan/2013:16:58:02 -0500,GET /icons/unknown.gif HTTP/1.1
02/Jan/2013:16:58:04 -0500,GET /icons/unknown.gif HTTP/1.1
02/Jan/2013:16:58:07 -0500,GET /icons/unknown.gif HTTP/1.1
02/Jan/2013:16:58:08 -0500,GET /icons/unknown.gif HTTP/1.1
02/Jan/2013:16:58:10 -0500,GET /icons/unknown.gif HTTP/1.1
02/Jan/2013:16:58:11 -0500,GET /icons/unknown.gif HTTP/1.1
02/Jan/2013:16:58:13 -0500,GET /icons/unknown.gif HTTP/1.1
02/Jan/2013:16:58:14 -0500,GET /icons/unknown.gif HTTP/1.1
02/Jan/2013:16:58:15 -0500,GET /icons/unknown.gif HTTP/1.1
02/Jan/2013:16:58:17 -0500,GET /icons/unknown.gif HTTP/1.1
02/Jan/2013:16:58:20 -0500,GET /icons/folder.gif HTTP/1.1
02/Jan/2013:16:58:23 -0500,GET /icons/folder.gif HTTP/1.1
02/Jan/2013:16:58:24 -0500,GET /icons/layout.gif HTTP/1.1
02/Jan/2013:16:58:26 -0500,GET /icons/layout.gif HTTP/1.1
02/Jan/2013:16:58:28 -0500,GET /icons/layout.gif HTTP/1.1
02/Jan/2013:16:58:30 -0500,GET /icons/layout.gif HTTP/1.1
02/Jan/2013:16:58:32 -0500,GET /icons/layout.gif HTTP/1.1
02/Jan/2013:16:58:34 -0500,GET /icons/layout.gif HTTP/1.1
02/Jan/2013:16:58:35 -0500,GET /icons/layout.gif HTTP/1.1
02/Jan/2013:16:58:37 -0500,GET /icons/layout.gif HTTP/1.1
02/Jan/2013:16:58:38 -0500,GET /icons/layout.gif HTTP/1.1
02/Jan/2013:16:58:40 -0500,GET /icons/layout.gif HTTP/1.1
02/Jan/2013:16:58:42 -0500,GET /icons/layout.gif HTTP/1.1
02/Jan/2013:16:58:45 -0500,GET /icons/layout.gif HTTP/1.1
02/Jan/2013:16:58:47 -0500,GET /icons/layout.gif HTTP/1.1
02/Jan/2013:16:58:50 -0500,GET /icons/layout.gif HTTP/1.1
02/Jan/2013:16:58:53 -0500,GET /icons/compressed.gif HTTP/1.1
02/Jan/2013:16:58:55 -0500,GET /icons/text.gif HTTP/1.1
02/Jan/2013:16:58:58 -0500,GET /icons/text.gif HTTP/1.1
02/Jan/2013:16:59:00 -0500,GET /icons/text.gif HTTP/1.1
02/Jan/2013:16:59:02 -0500,GET /icons/text.gif HTTP/1.1
02/Jan/2013:16:59:04 -0500,GET /icons/text.gif HTTP/1.1
02/Jan/2013:16:59:06 -0500,GET /icons/text.gif HTTP/1.1
02/Jan/2013:16:59:07 -0500,GET /icons/text.gif HTTP/1.1
02/Jan/2013:16:59:09 -0500,GET /icons/text.gif HTTP/1.1
02/Jan/2013:16:59:11 -0500,GET /icons/image2.gif HTTP/1.1
02/Jan/2013:16:59:13 -0500,GET /icons/image2.gif HTTP/1.1
02/Jan/2013:16:59:15 -0500,GET /icons/image2.gif HTTP/1.1
02/Jan/2013:16:59:16 -0500,GET /icons/image2.gif HTTP/1.1
02/Jan/2013:16:59:18 -0500,GET /icons/image2.gif HTTP/1.1
02/Jan/2013:16:59:19 -0500,GET /icons/image2.gif HTTP/1.1
02/Jan/2013:16:59:21 -0500,GET /icons/image2.gif HTTP/1.1
02/Jan/2013:16:59:23 -0500,GET /icons/image2.gif HTTP/1.1
02/Jan/2013:16:59:26 -0500,GET /icons/image2.gif HTTP/1.1
02/Jan/2013:16:59:27 -0500,GET /icons/image2.gif HTTP/1.1
02/Jan/2013:16:59:28 -0500,GET /icons/image2.gif HTTP/1.1
02/Jan/2013:16:59:30 -0500,GET /icons/image2.gif HTTP/1.1
02/Jan/2013:16:59:32 -0500,GET /icons/image2.gif HTTP/1.1
02/Jan/2013:16:59:34 -0500,GET /icons/image2.gif HTTP/1.1
02/Jan/2013:16:59:35 -0500,GET /icons/image2.gif HTTP/1.1
02/Jan/2013:16:59:37 -0500,GET /icons/image2.gif HTTP/1.1
02/Jan/2013:16:59:39 -0500,GET /icons/blank.gif HTTP/1.1
02/Jan/2013:16:59:42 -0500,GET /icons/unknown.gif HTTP/1.1
02/Jan/2013:16:59:43 -0500,GET /icons/unknown.gif HTTP/1.1
02/Jan/2013:16:59:46 -0500,GET /icons/unknown.gif HTTP/1.1
02/Jan/2013:16:59:48 -0500,GET /icons/unknown.gif HTTP/1.1
02/Jan/2013:16:59:49 -0500,GET /icons/unknown.gif HTTP/1.1
02/Jan/2013:16:59:51 -0500,GET /icons/unknown.gif HTTP/1.1
02/Jan/2013:16:59:53 -0500,GET /icons/unknown.gif HTTP/1.1
02/Jan/2013:16:59:56 -0500,GET /icons/unknown.gif HTTP/1.1
02/Jan/2013:16:59:58 -0500,GET /icons/unknown.gif HTTP/1.1
02/Jan/2013:16:59:59 -0500,GET /icons/unknown.gif HTTP/1.1
02/Jan/2013:17:00:01 -0500,GET /icons/unknown.gif HTTP/1.1
02/Jan/2013:17:00:03 -0500,GET /icons/folder.gif HTTP/1.1
02/Jan/2013:17:00:06 -0500,GET /icons/folder.gif HTTP/1.1
02/Jan/2013:17:00:10 -0500,GET /icons/layout.gif HTTP/1.1
02/Jan/2013:17:00:12 -0500,GET /icons/layout.gif HTTP/1.1
02/Jan/2013:17:00:14 -0500,GET /icons/layout.gif HTTP/1.1
02/Jan/2013:17:00:17 -0500,GET /icons/layout.gif HTTP/1.1
02/Jan/2013:17:00:18 -0500,GET /icons/layout.gif HTTP/1.1
02/Jan/2013:17:00:21 -0500,GET /icons/layout.gif HTTP/1.1
02/Jan/2013:17:00:22 -0500,GET /icons/layout.gif HTTP/1.1
02/Jan/2013:17:00:25 -0500,GET /icons/layout.gif HTTP/1.1
02/Jan/2013:17:00:26 -0500,GET /icons/layout.gif HTTP/1.1
02/Jan/2013:17:00:27 -0500,GET /icons/layout.gif HTTP/1.1
02/Jan/2013:17:00:29 -0500,GET /icons/layout.gif HTTP/1.1
02/Jan/2013:17:00:31 -0500,GET /icons/layout.gif HTTP/1.1
02/Jan/2013:17:00:33 -0500,GET /icons/layout.gif HTTP/1.1
02/Jan/2013:17:00:34 -0500,GET /icons/layout.gif HTTP/1.1
02/Jan/2013:17:00:36 -0500,GET /icons/compressed.gif HTTP/1.1
02/Jan/2013:17:00:37 -0500,GET /icons/text.gif HTTP/1.1
02/Jan/2013:17:00:40 -0500,GET /icons/text.gif HTTP/1.1
02/Jan/2013:17:00:42 -0500,GET /icons/text.gif HTTP/1.1
02/Jan/2013:17:00:44 -0500,GET /icons/text.gif HTTP/1.1
02/Jan/2013:17:00:47 -0500,GET /icons/text.gif HTTP/1.1
02/Jan/2013:17:00:50 -0500,GET /icons/text.gif HTTP/1.1
02/Jan/2013:17:00:53 -0500,GET /icons/text.gif HTTP/1.1
02/Jan/2013:17:00:55 -0500,GET /.git/objects/e8/?C=D;O=A HTTP/1.1
02/Jan/2013:17:00:56 -0500,GET /icons/text.gif HTTP/1.1
02/Jan/2013:17:00:57 -0500,GET /icons/image2.gif HTTP/1.1
02/Jan/2013:17:00:59 -0500,GET /icons/image2.gif HTTP/1.1
02/Jan/2013:17:01:01 -0500,GET /icons/image2.gif HTTP/1.1
02/Jan/2013:17:01:03 -0500,GET /icons/image2.gif HTTP/1.1
02/Jan/2013:17:01:04 -0500,GET /icons/image2.gif HTTP/1.1
02/Jan/2013:17:01:06 -0500,GET /icons/image2.gif HTTP/1.1
02/Jan/2013:17:01:09 -0500,GET /icons/image2.gif HTTP/1.1
02/Jan/2013:17:01:11 -0500,GET /icons/image2.gif HTTP/1.1
02/Jan/2013:17:01:14 -0500,GET /icons/image2.gif HTTP/1.1
02/Jan/2013:17:01:16 -0500,GET /icons/image2.gif HTTP/1.1
02/Jan/2013:17:01:18 -0500,GET /icons/image2.gif HTTP/1.1
02/Jan/2013:17:01:22 -0500,GET /icons/image2.gif HTTP/1.1
02/Jan/2013:17:01:29 -0500,GET /icons/image2.gif HTTP/1.1
02/Jan/2013:17:01:37 -0500,GET /icons/image2.gif HTTP/1.1
02/Jan/2013:17:01:41 -0500,GET /icons/image2.gif HTTP/1.1
02/Jan/2013:17:01:43 -0500,GET /icons/image2.gif HTTP/1.1
02/Jan/2013:17:01:44 -0500,GET /icons/blank.gif HTTP/1.1
02/Jan/2013:17:01:46 -0500,GET /icons/unknown.gif HTTP/1.1
02/Jan/2013:17:01:47 -0500,GET /icons/unknown.gif HTTP/1.1
02/Jan/2013:17:01:49 -0500,GET /icons/unknown.gif HTTP/1.1
02/Jan/2013:17:01:51 -0500,GET /icons/unknown.gif HTTP/1.1
02/Jan/2013:17:01:52 -0500,GET /icons/unknown.gif HTTP/1.1
02/Jan/2013:17:01:55 -0500,GET /icons/unknown.gif HTTP/1.1
02/Jan/2013:17:01:57 -0500,GET /icons/unknown.gif HTTP/1.1
02/Jan/2013:17:01:59 -0500,GET /icons/unknown.gif HTTP/1.1
02/Jan/2013:17:02:01 -0500,GET /icons/unknown.gif HTTP/1.1
02/Jan/2013:17:02:03 -0500,GET /icons/unknown.gif HTTP/1.1
02/Jan/2013:17:02:04 -0500,GET /icons/unknown.gif HTTP/1.1
02/Jan/2013:17:02:15 -0500,GET /ignite/extensions/status/deck.status.js HTTP/1.1
02/Jan/2013:17:02:24 -0500,GET /ignite/images/parish.png HTTP/1.1
02/Jan/2013:17:02:27 -0500,GET /ignite/extensions/navigation/deck.navigation.js HTTP/1.1
02/Jan/2013:17:02:30 -0500,GET /ignite/images/army404.png HTTP/1.1
02/Jan/2013:17:02:33 -0500,GET /ignite/images/scott.png HTTP/1.1
02/Jan/2013:17:02:35 -0500,GET /ignite/themes/style/swiss.css HTTP/1.1
02/Jan/2013:17:02:40 -0500,GET /ignite/extensions/navigation/deck.navigation.css HTTP/1.1
02/Jan/2013:17:02:47 -0500,GET /robots.txt HTTP/1.1
02/Jan/2013:17:02:46 -0500,GET /ignite/images/project_manager.png HTTP/1.1
02/Jan/2013:17:02:50 -0500,GET /ignite/jquery-1.7.2.min.js HTTP/1.1
02/Jan/2013:17:06:04 -0500,GET /sitemap.xml HTTP/1.1
02/Jan/2013:17:15:00 -0500,GET /.git/objects/f0/?C=D;O=A HTTP/1.1
